-1,-877.7558833173986,151.81198390277783,351.0,188.54400000000032,689.2118833173982,30.0
-1,-1469.3057958350705,121.36563414351828,271.0,140.83199999999994,1328.4737958350706,30.0
-1,-1481.6433302701575,128.74455187037037,254.0,140.06400000000002,1341.5793302701575,30.0
-1,-1715.350249877163,133.9518754212964,307.0,149.66400000000007,1565.686249877163,30.0
-1,-1155.545171290755,114.19071427777763,263.0,153.79200000000006,1001.753171290755,30.0
-1,-691.4703647782911,90.62676171296289,208.0,135.26400000000004,556.2063647782911,30.0
-1,-1274.0137933037254,170.3813024768519,299.0,116.54399999999985,1157.4697933037255,30.0
-1,-1269.0941639154707,148.52624662037053,251.0,121.92000000000009,1147.1741639154707,30.0
-1,-631.8633897059347,68.20179787962965,202.0,177.696,454.1673897059346,29.0
-1,-943.85388291112,131.5794644027778,254.0,135.5520000000001,808.3018829111198,30.0
-1,-665.7849746922084,96.77731055555569,236.0,162.62400000000008,503.16097469220836,30.0
-1,-1142.703634329838,138.12876173611122,304.0,162.33600000000015,980.3676343298379,30.0
-1,-515.898494618036,65.65501095370385,201.0,165.50400000000008,350.3944946180359,30.0
-1,-447.78256738024515,70.0162304120371,191.0,155.90400000000002,291.87856738024516,28.0
-1,-1051.0751983649955,139.45310763425942,269.0,142.5600000000001,908.5151983649954,28.0
-1,-474.42504733629437,53.787455407407414,202.0,187.29600000000008,287.1290473362943,29.0
-1,-1207.4776500014518,120.65913659259257,268.0,197.47200000000004,1010.0056500014517,29.0
-1,-879.034345665767,94.43118426388897,249.0,177.50400000000008,701.5303456657668,30.0
-1,-894.4085264903764,97.25014726851857,267.0,158.88,735.5285264903764,29.0
-1,-1032.3213856595805,124.86245763425924,279.0,170.1120000000002,862.2093856595803,30.0
-1,-862.1967654375469,81.47131332407395,248.0,193.056,669.1407654375469,30.0
-1,-314.8348215387846,32.21645866666661,145.0,158.78400000000002,156.05082153878456,30.0
-1,-514.5191876143314,73.38666996296296,237.0,178.07999999999979,336.4391876143316,29.0
-1,-625.6388271625095,71.77583471759264,237.0,189.88800000000018,435.7508271625093,30.0
-1,-557.6889540494974,59.58038736574088,207.0,180.48000000000008,377.20895404949727,30.0
-1,-549.3113170529314,85.86743993518529,215.0,162.33600000000018,386.97531705293125,29.0
-1,-752.2842733445664,91.23691391203721,236.0,183.16799999999995,569.1162733445665,28.0
-1,-942.981594804048,114.44362888888898,262.0,186.91199999999998,756.069594804048,30.0
-1,-671.5619760005079,73.36188787037041,212.0,183.16800000000012,488.39397600050773,29.0
-1,-302.73550733974366,50.161831087963044,180.0,155.51999999999992,147.21550733974377,28.0
-1,-304.11144332818236,38.48334735648149,167.0,156.86399999999998,147.24744332818238,28.0
-1,-317.26270111071545,36.30744561111111,202.0,204.48,112.78270111071546,29.0
-1,-622.5095432746614,97.33742719907409,265.0,219.74400000000003,402.7655432746613,30.0
-1,-309.6575898901028,34.95159222222227,186.0,175.10400000000004,134.55358989010278,26.0
-1,-327.8946664788015,29.598675601851774,194.0,190.944,136.95066647880154,23.0
-1,-267.12026215303956,38.76023257870369,173.0,162.91200000000003,104.20826215303951,27.0
-1,-208.95384547347328,28.34765916203701,154.0,150.72000000000008,58.23384547347321,25.0
-1,-253.64640012808565,37.62120108333345,172.0,167.80800000000013,85.83840012808552,24.0
-1,-351.766279798376,37.00962935185181,202.0,226.84800000000007,124.91827979837592,26.0
-1,-373.61114034813727,47.78745801851856,239.0,230.40000000000012,143.21114034813712,26.0
-1,-271.29872981644917,48.443670944444456,204.0,170.59200000000016,100.70672981644901,24.0
-1,-246.26292947178848,29.81737662499992,166.0,150.14400000000006,96.1189294717884,27.0
-1,-248.02509706475237,30.48202009722217,184.0,187.6800000000001,60.34509706475228,18.0
-1,-226.92451695096298,26.62501522685182,198.0,186.048,40.876516950962994,19.0
-1,-194.50428631348495,18.27399027314814,160.0,162.2400000000001,32.264286313484845,18.0
-1,-208.68740281927674,24.988840370370337,143.0,150.43200000000002,58.255402819276725,23.0
-1,-265.9038262612925,35.4545875509259,170.0,170.688,95.21582626129255,28.0
-1,-225.63322356636291,16.56598229629629,166.0,179.52,46.11322356636289,22.0
-1,-244.16185271138798,27.00767817592588,183.0,176.44800000000004,67.71385271138794,22.0
-1,-228.49589965679596,22.12917833333329,189.0,189.31199999999993,39.18389965679604,20.0
-1,-247.1911810904785,18.15034622685184,203.0,221.08800000000002,26.103181090478476,16.0
-1,-225.73423250819812,19.657641476851868,193.0,205.056,20.678232508198104,12.0
-1,-247.62235288744034,22.501050277777715,201.0,202.27200000000005,45.3503528874403,18.0
-1,-240.08362465505056,24.295119689814783,224.0,220.70400000000012,19.379624655050435,13.0
-1,-230.27744855284664,11.929593847222208,201.0,211.00799999999998,19.269448552846654,15.0
-1,-250.5920247677081,17.38220326851851,200.0,226.46400000000003,24.128024767708077,17.0
-1,-239.48604863136546,24.319173416666576,197.0,209.08799999999997,30.39804863136549,15.0
-1,-254.48275931605573,21.033769374999988,234.0,238.75200000000004,15.730759316055686,12.0
-1,-259.77474332860834,21.95728952314811,241.0,248.06399999999996,11.71074332860837,6.0
-1,-186.0732321734301,23.107899736111076,158.0,155.52000000000004,30.55323217343007,16.0
-1,-262.8156070484609,20.978571875,248.0,246.72000000000008,16.095607048460813,10.0
-1,-230.55401734327393,16.517283300925925,207.0,213.60000000000002,16.9540173432739,12.0
-1,-216.37797924143604,22.368133254629615,191.0,188.92799999999994,27.449979241436104,16.0
-1,-249.4204913541096,20.57444764814811,219.0,225.31199999999998,24.108491354109624,14.0
-1,-210.3946138781103,14.48609975925925,189.0,190.752,19.642613878110286,14.0
-1,-226.25691618835035,22.212180263888857,191.0,209.85600000000005,16.4009161883503,11.0
-1,-246.92435685984177,22.89528556944443,222.0,226.55999999999995,20.364356859841823,12.0
-1,-232.5578621022837,19.48528169444442,212.0,217.3440000000001,15.213862102283604,11.0
-1,-214.74437102284173,20.504414249999957,217.0,194.016,20.728371022841756,13.0
-1,-222.27257368662444,18.608227624999966,213.0,206.68800000000007,15.584573686624372,11.0
-1,-276.18312708627826,30.615102037037033,246.0,246.72000000000008,29.463127086278188,15.0
-1,-177.67549185511206,22.035081685185173,149.0,159.9360000000001,17.73949185511195,12.0
-1,-199.64107555270454,25.359041402777766,186.0,193.24800000000002,6.393075552704514,4.0
-1,-233.04487343640295,18.57264097685184,203.0,221.472,11.572873436402935,7.0
-1,-215.98088180010882,18.361615138888894,194.0,198.528,17.45288180010883,13.0
-1,-190.35527318909834,14.83006170833332,163.0,169.05600000000004,21.299273189098297,15.0
-1,-189.96445081636512,21.334788245370355,165.0,168.5760000000001,21.388450816365,14.0
-1,-204.65022091388002,17.23219982407408,159.0,169.24800000000002,35.402220913879994,20.0
-1,-224.52298358255297,22.944078912037003,179.0,205.2480000000001,19.274983582552874,11.0
-1,-227.36862694307766,18.05166251388888,196.0,206.11200000000008,21.25662694307759,14.0
-1,-214.87713692180967,19.386911662037015,198.0,200.544,14.333136921809661,9.0
-1,-169.83429393209929,11.409460106481458,146.0,151.29600000000005,18.538293932099243,15.0
-1,-188.9858516360668,19.717594782407364,159.0,166.17600000000007,22.809851636066718,14.0
-1,-156.91891478077687,18.20726780555553,111.0,129.12000000000006,27.7989147807768,17.0
-1,-169.67954481772878,17.336180087962966,136.0,149.85600000000002,19.823544817728752,11.0
-1,-200.84179805377914,16.51893243055551,161.0,183.36000000000007,17.48179805377907,12.0
-1,-194.70100423786454,21.401450013888837,169.0,172.896,21.805004237864566,14.0
-1,-196.43497843925743,16.862318217592577,168.0,183.264,13.17097843925742,9.0
-1,-209.5379609288343,27.17075373148147,190.0,195.74400000000003,13.793960928834267,9.0
-1,-155.09086249350221,18.265472300925904,115.0,132.38400000000004,22.70686249350217,13.0
-1,-213.82959269702184,14.059558962962965,197.0,199.58400000000006,14.24559269702179,11.0
-1,-179.22608382685587,24.423807138888865,141.0,140.64000000000007,38.58608382685581,20.0
-1,-168.14799204512582,16.104438662037015,160.0,153.50400000000002,14.643992045125787,12.0
-1,-226.45757605463544,12.056815958333313,197.0,211.58399999999997,14.873576054635466,12.0
-1,-179.13697329589323,16.991948444444414,143.0,159.64800000000005,19.488973295893185,14.0
-1,-167.34562875640842,16.6462795648148,141.0,148.89600000000007,18.449628756408334,13.0
-1,-116.73183463586608,11.643917074074075,83.0,85.53600000000004,31.195834635866035,20.0
-1,-153.57690221717704,11.978073166666661,133.0,131.61600000000004,21.96090221717699,18.0
-1,-146.0879767445703,20.07839828703697,100.0,114.81600000000005,31.271976744570274,18.0
-1,-184.2441046380211,12.965279175925907,148.0,166.272,17.9721046380211,13.0
-1,-150.6562285587561,18.92021871296294,103.0,117.79200000000004,32.86422855875607,19.0
-1,-164.90689193100525,17.951318587962927,114.0,130.848,34.05889193100525,19.0
-1,-161.77802352613074,18.25013163425925,130.0,148.32000000000005,13.458023526130685,9.0
-1,-141.50961738125497,14.57555835648147,99.0,112.99200000000002,28.51761738125495,17.0
-1,-145.89344843299935,20.715219087962883,119.0,116.44800000000004,29.445448432999324,15.0
-1,-130.54401786450202,17.184421976851855,88.0,88.99200000000005,41.55201786450198,19.0
-1,-181.69763065396148,19.150598699074035,138.0,155.4240000000001,26.273630653961405,15.0
-1,-148.05982880314957,11.84089502314814,101.0,123.26400000000005,24.795828803149504,17.0
-1,-141.92241185915853,12.890066874999992,75.0,98.49600000000002,43.42641185915851,22.0
-1,-154.58939336928276,19.349519569444386,117.0,114.912,39.67739336928275,21.0
-1,-145.3858723847634,19.817172083333293,107.0,119.61600000000006,25.76987238476333,14.0
-1,-114.4264756678311,17.123768967592582,79.0,75.36,39.0664756678311,20.0
-1,-168.27453856272348,28.047323587962907,100.0,106.656,61.61853856272347,25.0
-1,-143.86189395430114,16.482444999999984,101.0,111.36000000000004,32.501893954301096,20.0
-1,-138.5810600655218,20.081924388888847,89.0,91.00800000000001,47.57306006552179,20.0
-1,-171.0920206896394,21.50926498611105,106.0,126.81600000000006,44.27602068963937,21.0
-1,-149.57159925301633,18.99080229166663,88.0,98.97600000000007,50.59559925301625,18.0
-1,-127.28931785027646,15.821449759259226,91.0,88.60800000000008,38.681317850276386,19.0
-1,-128.14151422319654,24.248287092592502,90.0,94.36800000000002,33.773514223196514,16.0
-1,-154.18045546484248,16.56147946759256,84.0,101.95200000000006,52.22845546484243,21.0
-1,-119.68653818189611,13.851136379629613,76.0,80.92800000000004,38.758538181896064,20.0
-1,-131.24138054387225,16.951567986111097,101.0,99.936,31.305380543872253,17.0
-1,-131.22862059656663,18.300459152777755,86.0,88.89600000000002,42.33262059656662,20.0
-1,-131.82344675138913,16.259090222222216,78.0,87.93600000000004,43.887446751389085,23.0
-1,-148.54683988392617,18.405130736111108,108.0,106.27200000000002,42.274839883926134,25.0
-1,-125.77907844765525,14.813210398148135,83.0,89.37600000000003,36.40307844765522,21.0
-1,-110.36154327910126,11.264462712962965,56.0,66.52800000000002,43.83354327910123,22.0
-1,-132.50414412617428,17.877199726851792,65.0,84.48000000000005,48.02414412617424,21.0
-1,-128.0783041646932,15.265149203703688,87.0,88.51200000000004,39.56630416469316,19.0
-1,-159.43059139734973,15.94904279166664,113.0,132.48000000000002,26.9505913973497,16.0
-1,-116.7762193097549,10.736027782407405,53.0,77.08800000000002,39.68821930975487,25.0
-1,-122.43236747797377,17.504165597222187,102.0,94.27200000000003,28.160367477973736,15.0
-1,-114.88141847491154,17.981927138888864,85.0,82.27200000000005,32.60941847491149,20.0
-1,-136.84347586006243,16.46880235185183,90.0,94.75200000000004,42.09147586006238,22.0
-1,-117.91643244378591,17.136827865740724,70.0,69.98400000000002,47.93243244378589,20.0
-1,-193.2701551224975,15.726205949074052,119.0,159.55200000000013,33.718155122497365,19.0
-1,-121.8672672073736,18.840117439814765,87.0,77.37600000000003,44.491267207373575,19.0
-1,-118.32433123872997,15.026870986111094,86.0,95.42400000000004,22.90033123872994,15.0
-1,-116.68376951665587,11.51395136111111,55.0,59.52000000000003,57.16376951665584,26.0
-1,-104.56814326639599,16.346498884259248,63.0,67.20000000000003,37.36814326639597,20.0
-1,-141.24930568103602,18.05028817592589,75.0,94.08000000000003,47.169305681035986,21.0
-1,-98.71266268333778,15.770758638888898,76.0,70.27199999999999,28.44066268333779,16.0
-1,-117.10662656125058,16.61927319444443,66.0,69.88800000000003,47.21862656125054,21.0
-1,-118.06432927416316,18.915415296296263,73.0,83.04000000000003,35.02432927416312,22.0
-1,-147.3910167086335,17.635711175925923,83.0,86.97600000000004,60.41501670863344,22.0
-1,-151.18959769720897,15.745262537037043,85.0,96.76800000000004,54.42159769720893,23.0
-1,-136.5754978252251,20.173634939814765,65.0,78.24000000000005,58.335497825225055,22.0
-1,-149.05735431766766,19.28489027314809,101.0,109.72800000000005,39.329354317667615,19.0
-1,-124.75457493867168,19.007108870370324,62.0,75.26400000000002,49.490574938671664,19.0
-1,-159.20737992553092,16.874010884259235,85.0,113.47200000000004,45.735379925530886,21.0
-1,-105.12705920544754,13.552085648148141,52.0,57.02400000000002,48.103059205447515,27.0
-1,-109.84789142826389,13.90354617129626,58.0,71.42400000000005,38.42389142826384,21.0
-1,-97.04034844202585,14.022713064814807,43.0,48.86400000000001,48.176348442025834,21.0
-1,-172.41902354931491,19.85570514814806,90.0,109.82400000000005,62.59502354931485,22.0
-1,-146.27518422738365,20.00972749074068,87.0,99.84000000000006,46.4351842273836,23.0
-1,-106.4363211504766,16.483065888888863,50.0,60.19200000000002,46.24432115047659,21.0
-1,-94.16084770079425,12.668843162037021,57.0,58.27200000000002,35.88884770079422,20.0
-1,-110.79761307475617,17.074046185185146,53.0,58.56000000000002,52.237613074756155,24.0
-1,-136.43151395620134,15.87838732870371,60.0,69.12,67.31151395620135,24.0
-1,-115.71341545496063,14.68907963425923,67.0,70.46400000000003,45.2494154549606,25.0
-1,-143.42771865368223,14.777755282407405,55.0,74.40000000000003,69.02771865368221,23.0
-1,-99.30733835026297,14.163868749999972,47.0,58.46400000000002,40.843338350262954,21.0
-1,-126.25137936465843,15.013969796296262,52.0,62.68800000000002,63.56337936465842,25.0
-1,-108.00542490380982,18.72332136574072,47.0,52.320000000000014,55.68542490380982,18.0
-1,-127.40195256323831,14.488110819444447,47.0,51.84000000000002,75.5619525632383,27.0
-1,-133.92714575413817,19.564054564814768,53.0,63.45600000000002,70.47114575413815,21.0
-1,-154.99525901690626,27.388008018518455,77.0,72.48,82.51525901690626,22.0
-1,-238.55540448262346,18.204074712962893,103.0,177.31200000000013,61.24340448262333,21.0
-1,-145.21436392520707,16.871365819444428,56.0,69.40800000000003,75.80636392520705,26.0
-1,-144.59392783365792,26.422523217592506,71.0,74.88000000000002,69.71392783365788,23.0
-1,-167.7317368108957,19.628621513888877,58.0,69.98400000000001,97.74773681089569,25.0
-1,-121.96064165864121,12.095022694444445,39.0,53.280000000000015,68.68064165864119,22.0
-1,-138.28521699585497,18.44401750462959,52.0,71.61600000000003,66.66921699585492,23.0
-1,-152.12875893370222,17.200705310185164,66.0,90.91200000000003,61.216758933702195,20.0
-1,-171.07849310169289,21.29580236111105,105.0,120.96000000000006,50.11849310169281,17.0
-1,-114.88629437875481,12.048762527777779,36.0,43.77600000000001,71.1102943787548,24.0
-1,-114.0250204694133,16.786409870370345,57.0,63.456000000000024,50.56902046941328,21.0
-1,-135.04135691212755,18.239017467592546,64.0,80.64000000000003,54.401356912127525,22.0
-1,-245.17563342509516,26.40449384722214,139.0,196.3200000000001,48.85563342509505,19.0
-1,-126.97997792296951,10.927088939814825,49.0,55.58400000000001,71.3959779229695,27.0
-1,-133.0409923536259,20.86990871759255,63.0,69.12000000000002,63.9209923536259,22.0
-1,-144.73368340050163,17.24591025925922,66.0,87.26400000000004,57.469683400501594,23.0
-1,-137.82048730798397,18.98060997685182,56.0,62.68800000000002,75.13248730798395,25.0
-1,-107.54908339865383,15.325010037037023,61.0,59.42400000000002,48.125083398653814,21.0
-1,-128.2853417021253,13.447993074074073,61.0,77.95200000000004,50.33334170212526,27.0
-1,-140.58437699767939,17.043080953703672,60.0,77.76000000000002,62.82437699767938,24.0
-1,-152.07323969213854,20.110280587962887,58.0,77.37600000000005,74.69723969213848,23.0
-1,-102.3307102074728,16.669307305555513,45.0,58.17600000000002,44.154710207472775,19.0
-1,-93.75973704908029,13.833163962962963,69.0,73.53600000000003,20.223737049080263,13.0
-1,-192.0972218230352,30.21927694907398,82.0,103.39200000000008,88.70522182303512,23.0
-1,-151.5001237706275,24.009478138888785,75.0,90.33600000000006,61.16412377062747,21.0
-1,-111.7621163374485,16.86245899999998,54.0,60.480000000000025,51.28211633744847,22.0
-1,-118.33828576950812,23.898903597222176,68.0,66.43200000000002,51.9062857695081,22.0
-1,-139.27712931217096,20.091150990740697,67.0,77.56800000000003,61.70912931217093,24.0
-1,-145.38149380449636,15.692440453703679,70.0,85.632,59.74949380449635,24.0
-1,-106.10037055428953,19.25253357407404,66.0,68.64000000000004,37.460370554289476,17.0
-1,-123.39181601801093,14.757192032407401,58.0,71.52000000000004,51.87181601801088,23.0
-1,-121.95400184950745,16.25429858796296,59.0,63.45600000000003,58.498001849507425,23.0
-1,-118.94581765675304,17.69117473148146,53.0,59.904,59.041817656753025,23.0
-1,-114.46124949358202,15.810661101851844,60.0,62.68800000000003,51.77324949358198,24.0
-1,-116.83084033654092,12.27532723148148,58.0,61.824000000000034,55.006840336540876,27.0
-1,-126.30865498677173,12.567187523148137,54.0,71.52000000000004,54.78865498677168,26.0
-1,-116.52943195445563,23.139518671296237,64.0,67.10400000000003,49.425431954455604,21.0
-1,-123.37241370336986,18.786885273148112,84.0,80.44800000000001,42.92441370336985,22.0
-1,-127.83690788142874,18.97275857407401,60.0,67.58400000000002,60.252907881428726,24.0
-1,-117.76008596756148,19.9132768194444,64.0,67.20000000000002,50.56008596756147,20.0
-1,-105.3197930970928,14.662108930555545,53.0,57.88800000000002,47.43179309709278,22.0
-1,-127.30872870319021,19.4015747731481,60.0,69.40800000000002,57.90072870319019,22.0
-1,-196.84173601965682,15.346159347222224,80.0,124.80000000000007,72.04173601965677,24.0
-1,-94.22028307789985,11.418306291666656,65.0,65.28000000000002,28.94028307789984,19.0
-1,-109.41185331027623,14.12152378703703,45.0,52.32000000000001,57.09185331027623,22.0
-1,-101.86001162708544,15.002891379629611,53.0,60.19200000000002,41.66801162708543,23.0
-1,-124.82548236883504,18.276456134259238,73.0,73.53600000000003,51.28948236883501,21.0
-1,-130.76342587035538,27.42485454166661,66.0,74.01600000000003,56.74742587035533,21.0
-1,-129.77955648168256,19.817809384259174,74.0,84.96000000000002,44.81955648168253,22.0
-1,-115.68257554286569,14.82151219907407,64.0,68.64000000000003,47.042575542865656,23.0
-1,-90.23955496332523,6.581789435185177,23.0,31.008,59.23155496332524,25.0
-1,-124.42815578237014,23.057865134259252,61.0,58.080000000000005,66.34815578237014,20.0
-1,-120.51380111726093,18.640440736111092,76.0,76.99200000000003,43.52180111726089,19.0
-1,-85.41100553366824,15.519250810185163,48.0,50.20800000000002,35.203005533668225,21.0
-1,-117.19229898203318,11.988818745370367,41.0,54.432000000000016,62.76029898203316,26.0
-1,-171.0442284300526,17.6597440231481,74.0,100.51200000000007,70.53222843005254,24.0
-1,-135.91128050901216,17.27124849537036,95.0,100.70400000000002,35.20728050901214,17.0
-1,-117.64302904295369,22.723324680555532,70.0,70.36800000000002,47.27502904295367,19.0
-1,-123.19619895841095,27.700861416666637,81.0,74.304,48.89219895841094,21.0
-1,-150.98441626718812,22.150761513888842,84.0,86.68800000000005,64.29641626718808,20.0
-1,-127.85596805812432,13.376030087962965,47.0,52.22400000000001,75.6319680581243,28.0
-1,-119.57907485852073,21.09618556944438,61.0,63.07200000000003,56.5070748585207,20.0
-1,-105.92034143955411,13.83499555092593,53.0,64.70400000000002,41.216341439554085,21.0
-1,-138.11837693527013,19.21410091203695,75.0,93.12000000000003,44.998376935270095,19.0
-1,-136.26510043394487,19.130733444444424,71.0,82.08000000000004,54.18510043394482,21.0
-1,-122.35152432469584,17.523094078703668,54.0,66.52800000000002,55.82352432469583,24.0
-1,-127.448500965805,14.365390740740745,43.0,49.248000000000005,78.20050096580499,26.0
-1,-113.83626270292304,25.6058131481481,75.0,79.00800000000004,34.828262702923,17.0
-1,-154.20804919212878,20.294675259259243,75.0,95.71200000000006,58.496049192128716,21.0
-1,-120.2274100316225,12.292923847222218,44.0,54.72000000000002,65.50741003162248,25.0
-1,-98.06635706061213,14.674614120370357,37.0,50.97600000000001,47.09035706061212,19.0
-1,-108.83742934384652,15.446433328703705,63.0,64.32000000000002,44.5174293438465,22.0
-1,-161.75464999485365,24.08043172685182,85.0,83.90400000000004,77.85064999485361,23.0
-1,-124.83672792461036,16.575004773148137,64.0,66.048,58.788727924610356,21.0
-1,-133.1917871487767,14.77479627777779,69.0,76.80000000000001,56.391787148776686,23.0
-1,-110.63683544323203,21.833016069444408,64.0,66.62400000000001,44.01283544323203,19.0
-1,-122.49583145052975,22.864499967592522,76.0,82.27200000000005,40.223831450529694,21.0
-1,-131.7385577556068,15.636961546296298,71.0,78.14400000000003,53.59455775560676,22.0
-1,-114.08340130466698,20.069656074074043,71.0,72.76800000000003,41.31540130466694,19.0
-1,-102.28079330727152,11.858832828703711,43.0,52.22400000000002,50.0567933072715,23.0
-1,-133.563978662934,14.926728245370365,56.0,66.62400000000002,66.93997866293398,21.0
-1,-141.1233122905872,18.678022481481413,88.0,105.69600000000005,35.42731229058713,18.0
-1,-115.56154458232936,16.147510592592596,53.0,64.32000000000002,51.24154458232934,21.0
-1,-148.12522636627818,19.427511467592556,85.0,88.41600000000004,59.70922636627813,21.0
-1,-120.4106089920543,18.75942615740736,59.0,67.68000000000004,52.73060899205427,22.0
-1,-124.06017364190015,12.242413824074081,51.0,63.74400000000002,60.316173641900136,24.0
-1,-158.85050402168446,25.078457435185108,83.0,99.26400000000007,59.586504021684405,21.0
-1,-115.64063763160195,16.38655941203703,59.0,59.13600000000002,56.50463763160192,24.0
-1,-119.30948422906353,12.759345439814815,44.0,55.58400000000002,63.72548422906351,25.0
-1,-142.25779175188086,21.510766101851797,68.0,73.92000000000003,68.33779175188084,21.0
-1,-132.8582812740727,17.71531390740737,62.0,63.64800000000003,69.21028127407267,24.0
-1,-122.66989023602905,17.023639564814797,76.0,80.16000000000004,42.50989023602901,18.0
-1,-98.47280122328499,12.959382532407409,41.0,45.024,53.44880122328499,23.0
-1,-114.03164716820223,20.160174143518525,62.0,64.99200000000003,49.0396471682022,22.0
-1,-119.68957880635313,18.438380925925884,63.0,77.66400000000003,42.0255788063531,19.0
-1,-122.53003623127103,21.703230824074073,71.0,72.86400000000003,49.666036231271,21.0
-1,-104.69872334545866,11.38412717592593,33.0,44.928000000000004,59.770723345458656,25.0
-1,-114.00823967107166,18.035754685185204,56.0,56.16000000000001,57.84823967107165,22.0
-1,-106.182764290868,10.96019802314814,49.0,63.64800000000002,42.53476429086798,24.0
-1,-100.93507063143022,14.737665041666649,56.0,59.904000000000025,41.0310706314302,21.0
-1,-105.26514676339434,12.069315421296286,37.0,48.28800000000001,56.97714676339433,23.0
-1,-94.1835998129475,23.82877599537033,71.0,60.480000000000025,33.70359981294749,18.0
-1,-103.76708620591381,16.465843124999974,54.0,55.68000000000002,48.087086205913785,20.0
-1,-146.09460695837268,20.23113815277776,72.0,88.41600000000003,57.67860695837265,21.0
-1,-176.51055299758804,17.99139258333333,91.0,104.44800000000006,72.06255299758797,24.0
-1,-122.05372140543446,23.205246592592548,64.0,69.69600000000003,52.35772140543444,20.0
-1,-122.17481947336749,19.528273953703664,55.0,60.86400000000002,61.310819473367474,24.0
-1,-148.32758655358492,14.998756731481473,84.0,95.23200000000004,53.095586553584866,21.0
-1,-102.12698334530992,12.075339134259265,38.0,46.272000000000006,55.85498334530992,23.0
-1,-136.0976530434662,22.48362133333331,61.0,64.03200000000001,72.06565304346621,21.0
-1,-155.12831927870704,28.235538430555504,104.0,104.06400000000005,51.06431927870699,18.0
-1,-120.97384100079006,17.253089037037018,49.0,53.472000000000016,67.50184100079005,22.0
-1,-118.28215418299229,11.900010180555537,55.0,74.97600000000003,43.306154182992266,20.0
-1,-120.78024141052248,23.11752196296289,64.0,68.44800000000004,52.33224141052244,21.0
-1,-118.36858780137834,19.42314141203702,51.0,59.04000000000001,59.32858780137833,25.0
-1,-103.54701143510971,12.977992222222214,68.0,69.40800000000002,34.1390114351097,17.0
-1,-115.04120513242046,14.668342717592585,54.0,65.28000000000003,49.76120513242043,24.0
-1,-134.34540613487366,17.737198083333276,66.0,84.96000000000004,49.38540613487363,19.0
-1,-98.58828859488833,15.240481736111104,51.0,52.32000000000001,46.26828859488832,21.0
-1,-112.32477157346293,17.75635940740741,50.0,62.78400000000003,49.540771573462905,20.0
-1,-110.97205116619222,17.26028805555555,46.0,53.76000000000002,57.2120511661922,21.0
-1,-88.3943898712281,14.4671815787037,41.0,37.151999999999994,51.24238987122811,24.0
-1,-135.52429588238647,22.308871472222176,90.0,79.87200000000004,55.65229588238641,24.0
-1,-126.04831863153967,17.545729754629637,53.0,58.368000000000016,67.68031863153965,21.0
-1,-127.54148070014148,14.781062791666658,49.0,63.64800000000002,63.89348070014145,25.0
-1,-108.71047677742084,18.268105657407382,56.0,50.112000000000016,58.59847677742082,23.0
-1,-123.4593451699174,14.896426578703696,67.0,69.69600000000003,53.76334516991737,27.0
-1,-169.7339796107193,35.57695860185186,88.0,76.032,93.70197961071929,22.0
-1,-110.60092158085016,13.743939467592584,52.0,67.96800000000002,42.63292158085013,19.0
-1,-105.20309266415816,22.44822577777775,62.0,60.768000000000036,44.43509266415813,19.0
-1,-140.08384474734459,17.816459564814792,83.0,93.50400000000003,46.579844747344566,18.0
-1,-106.04273685044382,13.620297694444432,42.0,47.52000000000002,58.52273685044379,26.0
-1,-123.87335973590602,19.71745370370369,55.0,50.111999999999995,73.76135973590603,24.0
-1,-103.40130451128329,11.99908073148147,51.0,61.632000000000026,41.769304511283266,20.0
-1,-104.18657057454769,13.902053305555562,49.0,46.368000000000016,57.81857057454767,24.0
-1,-132.14988344958107,15.657356708333324,50.0,70.94400000000005,61.20588344958102,22.0
-1,-106.8287358017686,12.714413388888877,61.0,70.75200000000002,36.076735801768585,20.0
-1,-141.50545103104184,21.047975124999926,75.0,85.24800000000005,56.25745103104181,24.0
-1,-95.01914766183802,13.183259837962973,38.0,33.50399999999999,61.515147661838036,22.0
-1,-136.03607360188093,19.807304643518464,56.0,64.60800000000002,71.42807360188091,23.0
-1,-97.18894753279571,22.55170167129623,58.0,57.50400000000002,39.6849475327957,18.0
-1,-85.63217226364787,15.832208310185168,46.0,49.152000000000015,36.48017226364785,23.0
-1,-108.18271428738248,14.9217422222222,61.0,67.48800000000004,40.69471428738243,20.0
-1,-119.73857349362515,19.13858333796295,55.0,48.38400000000001,71.35457349362515,24.0
-1,-124.52658322057076,19.505080041666563,54.0,61.53600000000002,62.99058322057074,21.0
-1,-125.29376216776402,18.430614134259244,55.0,64.89600000000002,60.397762167764,23.0
-1,-127.20690547569504,23.276603324074024,70.0,70.46400000000001,56.742905475695025,22.0
-1,-111.7215508722507,15.409547374999994,54.0,56.92800000000003,54.79355087225066,21.0
-1,-115.89661369975842,15.336566722222198,50.0,54.14400000000003,61.75261369975839,25.0
-1,-103.85172778241422,15.4299064074074,56.0,57.12000000000002,46.7317277824142,23.0
-1,-112.18608401041982,26.544812824074036,54.0,52.704,59.48208401041981,19.0
-1,-118.92218824647229,18.519087074074005,50.0,59.80800000000002,59.11418824647227,23.0
-1,-109.70737683694149,20.516707564814794,57.0,58.46400000000003,51.243376836941465,19.0
-1,-97.15253861758666,16.83335106018519,53.0,53.280000000000015,43.87253861758664,22.0
-1,-124.72267160122001,21.683833342592518,68.0,65.47200000000004,59.25067160121997,23.0
-1,-101.3392524336855,11.920241685185182,35.0,37.536,63.8032524336855,26.0
-1,-112.80732389430618,15.632188592592602,47.0,50.496000000000016,62.31132389430616,26.0
-1,-126.16084750635426,20.067967421296252,73.0,82.84800000000004,43.31284750635422,19.0
-1,-136.96359962000685,23.96523376388882,78.0,78.24000000000002,58.72359962000684,26.0
-1,-99.20351089697938,18.701989078703676,51.0,55.29600000000002,43.90751089697936,19.0
-1,-94.1603629677468,16.916070680555542,56.0,55.776000000000025,38.384362967746775,20.0
-1,-102.2721849449238,12.690159731481469,42.0,46.75200000000001,55.520184944923784,23.0
-1,-89.75663570613516,22.059283851851834,67.0,73.92000000000003,15.83663570613513,11.0
-1,-102.57204271740022,12.325694143518525,43.0,49.344000000000015,53.228042717400214,27.0
-1,-115.89368434156458,20.871159212962933,62.0,56.640000000000015,59.25368434156457,21.0
-1,-170.32349526014576,22.931790981481388,70.0,94.94400000000006,75.37949526014569,23.0
-1,-119.30737980839402,17.40392576388888,58.0,64.60800000000002,54.699379808394,22.0
-1,-97.22661368402065,22.225666587962934,57.0,52.704000000000015,44.522613684020634,18.0
-1,-134.66250904367337,19.14099400925924,67.0,75.07200000000003,59.590509043673336,20.0
-1,-116.19623714811098,19.992302666666617,52.0,57.50400000000002,58.69223714811097,22.0
-1,-129.20234562826764,19.044305782407392,67.0,77.37600000000003,51.826345628267596,22.0
-1,-155.39023159465103,16.47293580092589,69.0,97.72800000000005,57.66223159465097,23.0
-1,-106.39452888559119,16.70809395833334,60.0,62.20800000000003,44.18652888559116,22.0
-1,-91.96376251189989,15.348293814814799,54.0,57.408000000000015,34.55576251189987,20.0
-1,-109.06724186027799,19.512293152777733,61.0,60.76800000000002,48.29924186027797,22.0
-1,-107.05789885488784,21.28903495370371,55.0,59.904000000000025,47.15389885488781,19.0
-1,-100.6105748756458,20.80375597222219,57.0,54.624000000000024,45.98657487564577,21.0
-1,-120.00283527049139,17.19407960648144,59.0,67.58400000000002,52.41883527049137,24.0
-1,-131.3553401584989,20.08516708796295,58.0,50.20800000000001,81.14734015849888,26.0
-1,-134.52403091271302,22.366873791666556,86.0,85.34400000000004,49.180030912712986,20.0
-1,-89.43763997402336,12.666624504629617,57.0,59.23200000000003,30.20563997402333,16.0
-1,-111.37106823323626,20.154673555555522,58.0,61.72800000000003,49.64306823323623,21.0
-1,-123.56160040863892,24.06419638425921,73.0,75.16800000000002,48.393600408638896,18.0
-1,-126.11795991034842,24.22267393518511,84.0,83.80800000000004,42.30995991034838,16.0
-1,-142.14292831511392,21.5469434351851,64.0,73.34400000000002,68.79892831511388,25.0
-1,-106.16566412713712,29.947397935185116,73.0,69.88800000000003,36.277664127137086,16.0
-1,-121.7287962549272,19.876109495370315,61.0,71.32800000000002,50.40079625492719,19.0
-1,-101.53518383616579,15.587230731481478,60.0,64.60800000000002,36.92718383616577,20.0
-1,-120.0624637637222,21.95984174537029,52.0,62.49600000000003,57.56646376372217,21.0
-1,-132.79061781218996,26.268135856481408,80.0,87.26400000000002,45.52661781218994,16.0
-1,-125.28036725356647,17.51311754629626,49.0,56.160000000000025,69.12036725356644,25.0
-1,-122.47224268724017,14.666344800925925,50.0,53.568000000000026,68.90424268724014,24.0
-1,-114.51999856062572,15.545611263888865,65.0,68.16000000000001,46.35999856062571,20.0
-1,-109.90233341238205,17.529827495370395,54.0,52.32000000000001,57.58233341238204,23.0
-1,-120.62410748267774,22.012881726851823,58.0,56.448000000000015,64.17610748267774,24.0
-1,-114.80635877400948,13.640195962962963,56.0,58.560000000000024,56.24635877400945,26.0
-1,-88.49781584851235,20.329541810185177,71.0,66.048,22.44981584851235,15.0
-1,-103.33811026739687,16.942738384259233,58.0,61.15200000000002,42.18611026739684,21.0
-1,-135.01386558649213,26.705226601851766,78.0,76.12800000000003,58.88586558649211,23.0
-1,-172.96095933611622,28.471026847222127,94.0,100.03200000000001,72.92895933611622,20.0
-1,-105.98666890157705,18.090669856481465,54.0,64.41600000000003,41.57066890157702,23.0
-1,-114.98365294321499,18.955181379629607,62.0,69.12000000000002,45.86365294321497,18.0
-1,-111.82971801913718,19.754393981481446,62.0,64.12800000000001,47.70171801913716,20.0
-1,-120.18347456660251,20.81294308796294,73.0,66.72000000000001,53.46347456660251,21.0
-1,-109.24388627228211,22.499978597222178,61.0,54.72000000000002,54.5238862722821,22.0
-1,-111.8226436545238,16.864149356481448,54.0,55.77600000000001,56.04664365452379,24.0
-1,-117.18726221706405,18.675703837962924,66.0,70.08000000000004,47.10726221706401,25.0
-1,-113.44529186191751,19.040545328703644,61.0,70.27200000000003,43.17329186191748,21.0
-1,-108.55645555760015,15.48953793518519,43.0,54.62400000000002,53.93245555760013,21.0
-1,-120.129096138584,20.175800333333303,68.0,77.18400000000003,42.94509613858398,16.0
-1,-103.04303692663008,23.912518129629575,67.0,57.79200000000002,45.25103692663006,19.0
-1,-115.29730387387573,16.17053043518519,70.0,75.36000000000001,39.93730387387571,20.0
-1,-103.89520491131029,14.780020893518508,70.0,66.33600000000003,37.55920491131027,18.0
-1,-87.35516868410171,24.405417041666638,67.0,55.488000000000014,31.867168684101703,15.0
-1,-116.28362758660894,20.765279555555452,73.0,76.032,40.25162758660895,19.0
-1,-104.48692147570415,19.506339990740734,79.0,78.33600000000004,26.150921475704116,13.0
-1,-110.84326890743125,16.35376908796297,62.0,67.58400000000003,43.25926890743123,19.0
-1,-117.0087396729628,19.09605041203701,62.0,63.16800000000003,53.84073967296277,22.0
-1,-152.55220089239435,22.749464671296252,72.0,75.64800000000004,76.90420089239431,24.0
-1,-104.959927594699,22.35157903240738,64.0,61.24800000000001,43.711927594698984,20.0
-1,-109.1461453219222,12.668402842592592,46.0,57.024000000000015,52.12214532192218,26.0
-1,-89.15650636841828,14.618205958333318,57.0,59.42400000000003,29.732506368418253,17.0
-1,-147.03656405540352,22.480948555555493,73.0,75.93600000000002,71.10056405540348,20.0
-1,-87.3218468300688,19.677014541666637,56.0,56.54400000000002,30.77784683006877,16.0
-1,-115.94341755985724,20.62893615740735,67.0,72.96000000000004,42.983417559857195,20.0
-1,-106.65590792426198,14.435156819444442,43.0,55.48800000000003,51.167907924261954,21.0
-1,-109.79127237881656,20.206848361111074,52.0,56.73600000000002,53.05527237881653,21.0
-1,-132.73212164699822,22.663542504629575,57.0,60.57600000000001,72.1561216469982,24.0
-1,-139.23638148849975,18.455764009259223,57.0,69.02400000000003,70.21238148849972,23.0
-1,-112.91779688739646,16.359917828703683,51.0,57.12000000000003,55.79779688739642,22.0
-1,-121.38472008703533,20.321965652777735,52.0,68.54400000000003,52.840720087035315,19.0
-1,-121.72433049814013,15.595669277777768,63.0,67.96800000000003,53.7563304981401,24.0
-1,-124.88310769280454,23.630020712962896,60.0,59.808000000000014,65.07510769280452,22.0
-1,-121.37079908306471,13.684473953703705,44.0,56.73600000000002,64.63479908306469,27.0
-1,-158.61491374809071,21.101500689814785,73.0,87.36000000000006,71.25491374809066,24.0
-1,-110.72195197804194,20.209601763888873,55.0,59.90400000000001,50.817951978041926,22.0
-1,-130.57053097197743,19.027021013888852,56.0,69.79200000000003,60.778530971977396,22.0
-1,-99.41818175841753,15.533094111111119,45.0,44.352000000000004,55.06618175841753,23.0
-1,-111.85680865503804,15.978097374999976,52.0,61.82400000000003,50.03280865503802,25.0
-1,-91.07330768759226,13.13182191666666,41.0,42.91199999999999,48.16130768759228,24.0
-1,-119.84657738176347,23.836519291666598,61.0,64.51200000000001,55.33457738176345,19.0
-1,-139.6311908147303,21.672751347222142,63.0,66.43199999999999,73.19919081473031,22.0
-1,-121.05487699754579,14.836140092592592,53.0,63.64800000000003,57.40687699754576,23.0
-1,-103.90738467596015,19.766206513888857,58.0,60.67200000000002,43.23538467596012,21.0
-1,-110.35697610783258,20.536383652777726,68.0,69.50400000000002,40.85297610783256,21.0
-1,-124.24690746255888,18.110300189814783,65.0,72.86400000000003,51.38290746255885,19.0
-1,-99.36180539735696,14.572088504629637,50.0,49.728000000000016,49.63380539735695,21.0
-1,-109.866533584379,21.846159694444363,51.0,50.400000000000006,59.46653358437899,23.0
-1,-108.98954543416335,16.745821111111084,61.0,66.62400000000002,42.36554543416333,22.0
-1,-112.55820659441314,18.877301282407394,56.0,63.93600000000002,48.622206594413115,18.0
-1,-123.69175721472266,14.518826939814808,47.0,61.24800000000002,62.44375721472264,25.0
-1,-107.87501276114072,23.150509416666637,51.0,50.976000000000006,56.89901276114072,18.0
-1,-152.7471676070171,12.72587301388888,66.0,79.48800000000003,73.25916760701708,22.0
-1,-112.19715408295426,17.87642557407405,58.0,59.904000000000025,52.29315408295424,21.0
-1,-121.91397174623802,19.11344849537033,53.0,59.71200000000002,62.201971746238,24.0
-1,-117.86417654969986,17.83257279629626,57.0,62.68800000000001,55.176176549699846,23.0
-1,-112.27121182264796,14.02495715277779,48.0,51.93600000000002,60.335211822647935,24.0
-1,-89.84687820477593,19.831472879629583,50.0,43.00800000000001,46.838878204775924,21.0
-1,-128.92862869869947,18.383706384259206,57.0,69.31200000000003,59.61662869869946,21.0
-1,-162.36077077749945,20.100919532407335,71.0,95.32800000000005,67.0327707774994,23.0
-1,-91.58093171180022,10.139324541666669,44.0,47.808000000000014,43.77293171180021,22.0
-1,-93.26293034980719,8.71710095370371,45.0,61.248000000000026,32.014930349807166,23.0
-1,-106.156441671989,21.905816791666616,59.0,62.49600000000002,43.660441671988984,20.0
-1,-100.17871645179034,16.77859259259258,48.0,48.096,52.08271645179035,21.0
-1,-119.32450060326839,26.31433074537026,68.0,67.96800000000003,51.35650060326836,19.0
-1,-130.05671207538887,27.586788078703634,70.0,74.49600000000004,55.560712075388835,19.0
-1,-116.22389448999694,17.83608496296293,56.0,66.24000000000002,49.98389448999691,24.0
-1,-104.02802587805421,15.17438075000001,42.0,45.312,58.71602587805421,24.0
-1,-117.03829867304054,20.652530009259227,73.0,75.07200000000002,41.966298673040534,20.0
-1,-112.746026150598,15.799931819444414,63.0,67.20000000000003,45.54602615059797,21.0
-1,-87.26691484468401,18.934892291666657,60.0,55.2,32.066914844684,16.0
-1,-111.96102358484853,17.806472810185177,58.0,75.74400000000003,36.217023584848505,19.0
-1,-113.98721290894787,18.66460108796294,60.0,65.76000000000003,48.22721290894784,22.0
-1,-133.69789830039383,24.812636754629594,70.0,73.92000000000003,59.777898300393794,23.0
-1,-113.9175100215837,14.317348856481477,54.0,69.60000000000004,44.31751002158366,22.0
-1,-94.10522500824638,18.137914986111113,61.0,58.08000000000002,36.02522500824635,18.0
-1,-108.7162041724773,15.43340474537036,64.0,80.83200000000004,27.88420417247727,16.0
-1,-88.8740310129708,17.421247773148135,48.0,50.88000000000002,37.99403101297079,18.0
-1,-96.41661001063747,14.194137685185185,44.0,54.04800000000002,42.368610010637454,23.0
-1,-105.3070693460331,20.754257092592535,55.0,67.87200000000003,37.43506934603307,19.0
-1,-147.64931957744705,22.1472615555555,79.0,91.77600000000005,55.873319577447006,23.0
-1,-116.97165834968871,21.348513351851768,63.0,80.54400000000004,36.42765834968867,21.0
-1,-88.70751288541521,10.559062472222228,40.0,48.76800000000002,39.9395128854152,23.0
-1,-119.10398105584719,17.311450231481434,63.0,71.90400000000002,47.19998105584717,18.0
-1,-107.13511942819919,14.740711527777766,49.0,51.64800000000001,55.48711942819918,22.0
-1,-100.27713849205233,19.896463662037032,61.0,54.43199999999998,45.84513849205235,17.0
-1,-88.83899948991395,16.324419916666685,49.0,37.44000000000001,51.39899948991393,22.0
-1,-95.7742506638728,19.10352299537034,53.0,52.32000000000002,43.45425066387279,21.0
-1,-109.12552723137634,17.151187939814804,55.0,52.32000000000003,56.8055272313763,24.0
-1,-129.0660724448203,28.026319814814723,78.0,77.28000000000003,51.786072444820256,19.0
-1,-100.34595466246067,14.420567638888878,42.0,42.52800000000001,57.81795466246066,25.0
-1,-88.23184300819139,13.71383660185187,43.0,46.75200000000002,41.47984300819137,20.0
-1,-108.67742976213258,17.54642603703702,49.0,58.560000000000024,50.11742976213255,22.0
-1,-118.21524424112678,18.030274740740726,65.0,65.56800000000003,52.64724424112675,21.0
-1,-105.44173875172669,19.045953773148124,51.0,50.112000000000016,55.32973875172668,20.0
-1,-116.78407817088147,25.034764662036995,57.0,56.73600000000002,60.04807817088145,19.0
-1,-111.82369152290144,16.573049879629604,44.0,47.52000000000001,64.30369152290143,23.0
-1,-111.62472142691537,18.15974072222219,54.0,54.43200000000002,57.19272142691535,22.0
-1,-101.73127755019689,23.057969611111076,63.0,70.17600000000003,31.55527755019687,16.0
-1,-111.27022724270441,20.740177069444364,52.0,53.760000000000026,57.51022724270439,20.0
-1,-101.74340049592664,14.895468675925901,48.0,55.77600000000002,45.967400495926626,22.0
-1,-145.48147580915594,20.56990848611103,71.0,84.48000000000003,61.00147580915592,24.0
-1,-83.20005111785105,17.75320920833331,52.0,46.560000000000024,36.64005111785103,17.0
-1,-91.60472991935293,13.568576513888889,32.0,36.576,55.02872991935293,24.0
-1,-104.31265565835969,16.320953194444428,43.0,48.768000000000015,55.54465565835968,22.0
-1,-117.29494131930302,25.216559018518478,88.0,75.07200000000003,42.22294131930299,17.0
-1,-103.82797981083976,20.032843069444407,53.0,56.73600000000001,47.09197981083975,20.0
-1,-114.5860342124196,17.330642166666625,49.0,53.95200000000002,60.63403421241959,22.0
-1,-91.99227772597033,14.99674196759259,42.0,42.62400000000001,49.36827772597031,23.0
-1,-135.38166180482511,16.51295762037035,52.0,65.85600000000002,69.52566180482508,25.0
-1,-119.3219950519427,23.01766093518509,78.0,64.41600000000001,54.90599505194268,22.0
-1,-100.73158941485612,18.01873198611111,57.0,54.24000000000003,46.49158941485609,21.0
-1,-146.57780955631074,22.320048629629568,66.0,89.66400000000004,56.9138095563107,19.0
-1,-128.367528935561,19.337393981481405,54.0,58.36800000000003,69.99952893556099,24.0
-1,-101.5593846862225,9.926169615740767,47.0,49.344000000000015,52.21538468622249,23.0
-1,-125.7996979279248,23.192331199074033,54.0,60.960000000000015,64.83969792792477,18.0
-1,-121.93708011072083,17.143691587962927,57.0,62.30400000000002,59.633080110720805,23.0
-1,-108.2050360541997,17.690907597222218,51.0,56.256000000000014,51.94903605419968,23.0
-1,-88.60344904943955,14.640506425925913,42.0,52.60800000000002,35.995449049439536,21.0
-1,-125.61776799945474,21.72182823148144,75.0,77.08800000000004,48.52976799945471,20.0
-1,-117.35911215909002,17.772643393518475,51.0,68.06400000000004,49.29511215908998,22.0
-1,-121.7458995534771,17.752028092592578,75.0,69.02400000000003,52.721899553477066,21.0
-1,-130.6742018188274,19.212428740740688,56.0,66.62400000000002,64.05020181882739,21.0
-1,-104.27417713230727,16.521632574074072,50.0,58.848000000000035,45.42617713230723,21.0
-1,-127.88188529525192,15.557512157407395,47.0,62.20800000000002,65.67388529525189,26.0
-1,-111.93231894829418,21.863879569444386,64.0,67.58400000000003,44.34831894829414,20.0
-1,-109.63354295749765,13.919386712962961,47.0,54.04800000000003,55.58554295749762,25.0
-1,-119.77526690406933,19.2175248194444,65.0,76.80000000000003,42.975266904069294,20.0
-1,-132.82383235948606,18.82773000462959,52.0,62.68800000000003,70.13583235948602,23.0
-1,-111.67967166975711,14.94184339351849,59.0,58.84800000000003,52.831671669757085,25.0
-1,-117.20061696224252,19.079874828703687,61.0,72.67200000000004,44.52861696224249,21.0
-1,-106.3803954986227,18.337495374999964,58.0,61.05600000000003,45.324395498622664,19.0
-1,-118.12010621281955,19.454562398148138,58.0,56.35200000000002,61.76810621281953,23.0
-1,-98.21416635782145,21.93762113888888,62.0,60.384000000000015,37.83016635782144,19.0
-1,-109.85719696106666,15.88942921759258,62.0,70.36800000000004,39.489196961066625,21.0
-1,-111.20852994693644,22.646174157407355,70.0,67.39200000000002,43.81652994693642,20.0
-1,-131.53479315101632,14.477543944444442,53.0,57.984000000000016,73.5507931510163,26.0
-1,-89.92498143180606,14.288133787037058,44.0,45.600000000000016,44.32498143180605,20.0
-1,-108.11292882688232,16.030628189814795,45.0,58.46400000000003,49.648928826882305,23.0
-1,-103.2434893635247,19.435978124999963,56.0,62.49600000000003,40.74748936352468,20.0
-1,-98.32343061820976,15.158443930555576,47.0,50.78400000000002,47.539430618209735,21.0
-1,-102.20770913974347,18.493213518518484,62.0,68.16000000000003,34.047709139743446,19.0
-1,-154.524195837119,20.501784597222155,82.0,91.87200000000004,62.65219583711896,22.0
-1,-97.37297876711904,15.539340560185178,40.0,42.62400000000001,54.748978767119034,22.0
-1,-111.77265332983569,21.02391900462957,59.0,63.840000000000025,47.93265332983566,20.0
-1,-125.71898239261029,21.042498657407354,58.0,67.96800000000003,57.75098239261026,22.0
-1,-110.14214406486477,13.382553212962973,40.0,43.20000000000001,66.94214406486476,26.0
-1,-104.99553978159108,16.618309185185176,48.0,55.200000000000024,49.79553978159106,23.0
-1,-97.56669419033781,15.029361097222216,54.0,60.96000000000002,36.60669419033779,20.0
-1,-106.79459889971156,13.454562050925935,42.0,50.59200000000001,56.20259889971154,25.0
-1,-106.7758535393151,18.055285333333316,50.0,51.16800000000002,55.60785353931507,20.0
-1,-100.99187774937039,18.380038953703682,48.0,55.680000000000014,45.31187774937037,21.0
-1,-102.95258559018248,12.338622342592602,37.0,47.808000000000014,55.14458559018247,24.0
-1,-119.52422958459898,16.70819805092593,48.0,56.92800000000001,62.59622958459897,21.0
-1,-103.232169344134,13.815401203703688,41.0,47.71200000000002,55.520169344133976,25.0
-1,-80.45802763660487,15.671893060185168,48.0,47.424000000000014,33.03402763660486,19.0
-1,-109.07356714915008,18.326001685185165,58.0,64.41600000000003,44.65756714915006,21.0
-1,-110.13971203132513,17.706544328703668,64.0,68.92800000000003,41.211712031325106,19.0
-1,-110.14460027849054,17.418937999999965,53.0,58.75200000000003,51.39260027849052,23.0
-1,-111.39148619958229,16.022718402777755,65.0,64.99200000000002,46.39948619958228,24.0
-1,-91.0992493167083,21.97889874999999,61.0,57.024000000000015,34.07524931670828,16.0
-1,-110.0190370486792,15.755946717592586,48.0,49.728000000000016,60.29103704867918,22.0
-1,-107.74625463372384,16.09908009722221,40.0,45.79200000000001,61.95425463372383,21.0
-1,-121.67416906999767,19.07987862962959,61.0,70.36800000000004,51.306169069997644,22.0
-1,-84.38073046661872,13.947749722222218,36.0,39.36000000000001,45.02073046661871,23.0
-1,-103.7837662235032,17.05843713888886,47.0,52.99200000000002,50.79176622350319,21.0
-1,-124.62801242583704,16.095713421296278,47.0,57.98400000000002,66.64401242583702,25.0
-1,-124.91861844459976,14.60012102314814,68.0,77.18400000000003,47.73461844459973,23.0
-1,-101.97415575387502,13.110970097222216,50.0,57.888000000000034,44.08615575387499,22.0
-1,-115.21909889112547,14.085041504629627,44.0,50.01600000000002,65.20309889112545,25.0
-1,-98.97637305589609,13.23494484722223,56.0,55.39200000000003,43.58437305589606,24.0
-1,-118.43246780196273,18.08121626388886,64.0,71.80800000000004,46.624467801962695,18.0
-1,-107.18110036047682,17.988244944444425,59.0,53.472000000000016,53.70910036047681,23.0
-1,-115.84937731827378,15.661129226851843,62.0,57.79200000000003,58.05737731827376,23.0
-1,-102.5670877710557,13.063448884259278,40.0,40.416000000000004,62.15108777105569,24.0
-1,-123.29090604511563,16.733981523148138,56.0,62.40000000000002,60.890906045115614,24.0
-1,-93.19148157187405,16.969872208333346,55.0,52.608000000000025,40.58348157187403,20.0
-1,-127.35320956469866,22.432797449074016,68.0,67.96800000000003,59.38520956469863,22.0
-1,-150.8943587799306,19.400899435185156,73.0,86.49600000000002,64.39835877993056,23.0
-1,-93.65858025751582,15.296532791666657,41.0,49.344000000000015,44.31458025751581,23.0
-1,-90.56407018215364,17.189474629629636,50.0,46.84800000000002,43.71607018215362,20.0
-1,-92.08981885822129,20.12309717129628,54.0,53.472000000000016,38.617818858221284,19.0
-1,-113.77711614617013,18.004904652777743,72.0,78.91200000000003,34.86511614617009,18.0
-1,-83.8128906873551,13.374863458333335,40.0,44.54400000000001,39.26889068735508,22.0
-1,-132.23453207877424,20.322234254629585,62.0,79.48800000000004,52.746532078774194,20.0
-1,-101.31421938143755,12.9226346574074,41.0,47.616000000000014,53.69821938143754,25.0
-1,-111.46312483821268,14.866197662037022,51.0,53.37600000000002,58.08712483821267,23.0
-1,-113.72273704401246,26.13225691203699,68.0,78.14400000000003,35.57873704401243,14.0
-1,-82.68249279678065,18.297973615740734,47.0,50.59200000000002,32.09049279678063,18.0
-1,-108.72503594454423,14.685702921296278,54.0,53.85600000000002,54.8690359445442,25.0
-1,-112.76910295083695,20.109175787037003,61.0,61.344000000000015,51.42510295083694,20.0
-1,-106.57178972737125,21.950739560185124,62.0,61.72800000000002,44.84378972737124,18.0
-1,-109.43802219488498,18.22406153703698,54.0,59.61600000000003,49.822022194884944,22.0
-1,-124.2937906560946,16.09105988888889,51.0,61.05600000000003,63.23779065609457,25.0
-1,-82.32488396490504,18.19582990740739,48.0,50.97600000000001,31.348883964905028,18.0
-1,-95.6216692960065,15.758124458333349,47.0,48.38400000000002,47.23766929600648,24.0
-1,-93.39289155306233,16.44930411574071,48.0,52.99200000000001,40.40089155306231,22.0
-1,-99.39645066531617,18.191118652777778,61.0,61.44000000000003,37.956450665316126,20.0
-1,-98.25522733065031,16.70421124537035,45.0,45.31200000000002,52.943227330650295,21.0
-1,-97.11246469068749,27.51911124074068,59.0,57.02400000000002,40.08846469068746,16.0
-1,-97.5847536418122,25.317445777777685,63.0,55.584000000000024,42.00075364181218,16.0
-1,-101.45222469500173,22.35514665740736,56.0,59.136000000000024,42.31622469500171,18.0
-1,-121.8379302198494,24.938079486111054,67.0,65.37600000000002,56.461930219849386,19.0
-1,-104.96452730530365,19.766209069444404,59.0,50.40000000000003,54.56452730530361,22.0
-1,-134.17488357302665,14.775226944444421,48.0,67.39200000000004,66.78288357302662,25.0
-1,-134.9855538928539,15.835859467592574,62.0,89.18400000000005,45.80155389285383,20.0
-1,-98.7221714524317,14.782199254629646,42.0,49.920000000000016,48.80217145243167,22.0
-1,-113.80100709909797,17.625044310185146,55.0,68.64000000000004,45.16100709909792,20.0
-1,-107.90508275787533,15.404723425925926,46.0,59.520000000000024,48.38508275787531,22.0
-1,-86.50058631275228,18.60482119444444,41.0,36.57600000000001,49.92458631275227,20.0
-1,-101.7336710723776,11.877906203703695,40.0,47.90400000000001,53.829671072377586,23.0
-1,-102.4945973686836,18.221148180555524,56.0,51.456000000000024,51.03859736868357,22.0
-1,-84.30162482487466,10.940446638888899,28.0,30.432000000000002,53.86962482487466,26.0
-1,-94.00157883299767,20.34910634259256,61.0,56.25600000000003,37.745578832997644,17.0
-1,-90.71027187612314,20.156639425925906,59.0,54.624000000000024,36.08627187612312,17.0
-1,-109.69426147815784,17.440328124999972,50.0,59.80800000000003,49.88626147815782,23.0
-1,-94.10762416184244,11.45567419444445,40.0,45.88800000000002,48.21962416184242,21.0
-1,-121.3528928867086,25.706202097222153,80.0,78.14400000000003,43.20889288670857,18.0
-1,-95.9241532721817,14.850983810185182,42.0,49.82400000000001,46.100153272181686,23.0
-1,-131.402876623662,17.430097356481433,65.0,84.86400000000005,46.538876623661935,22.0
-1,-117.42947515216241,17.579074370370346,49.0,62.97600000000003,54.45347515216238,24.0
-1,-104.46934197687457,17.858794638888863,50.0,61.82400000000003,42.64534197687454,20.0
-1,-114.65807968347396,17.06903283796295,45.0,53.95200000000002,60.70607968347394,24.0
-1,-124.48973845964952,17.740148717592554,53.0,60.76800000000002,63.72173845964949,25.0
-1,-130.67494037824065,20.901968097222163,70.0,79.29600000000003,51.3789403782406,22.0
-1,-113.32021278404862,22.179874032407373,67.0,75.84000000000005,37.480212784048575,17.0
-1,-118.19503583401234,22.18062948148143,57.0,57.21600000000003,60.979035834012315,22.0
-1,-103.53680522677669,19.032653296296242,66.0,64.80000000000001,38.736805226776674,18.0
-1,-116.75998395391662,18.730842782407404,65.0,70.27200000000003,46.487983953916576,20.0
-1,-99.98422145364347,21.752769032407336,60.0,51.647999999999996,48.33622145364348,20.0
-1,-137.98129908175173,20.44266881944436,91.0,84.57600000000002,53.4052990817517,21.0
-1,-108.75640655402321,16.79875902777777,49.0,49.632000000000026,59.12440655402318,21.0
-1,-101.55224923984824,11.46535806481482,41.0,45.88800000000002,55.66424923984822,26.0
-1,-124.67394509715402,21.825102717592557,70.0,74.11200000000002,50.561945097154,20.0
-1,-121.44724949246432,19.95863991666664,68.0,66.81600000000003,54.63124949246429,21.0
-1,-111.97708629600956,24.242598092592523,79.0,79.10400000000004,32.873086296009525,18.0
-1,-129.55468399503116,21.49360672685178,71.0,80.83200000000004,48.722683995031105,20.0
-1,-106.13262624623891,16.16210516203703,51.0,55.296000000000035,50.836626246238886,23.0
-1,-111.72936984484551,16.23983320833332,62.0,66.91200000000002,44.817369844845494,22.0
-1,-91.54456579110524,16.48576263425926,43.0,45.024,46.52056579110525,20.0
-1,-109.39490657163161,22.25290274999996,56.0,63.648000000000025,45.746906571631584,18.0
-1,-94.7761678532346,16.25133386111109,52.0,52.12800000000002,42.648167853234575,20.0
-1,-100.41875511336733,10.800917990740759,41.0,50.78400000000002,49.6347551133673,26.0
-1,-113.56961356671398,14.662804787037018,55.0,58.36800000000002,55.20161356671396,25.0
-1,-105.6787538895959,12.5752374351852,50.0,56.16000000000001,49.51875388959589,25.0
-1,-108.21218895988576,18.65377818055552,57.0,65.85600000000001,42.35618895988576,20.0
-1,-106.81643017093069,16.727656537037007,45.0,55.968000000000025,50.84843017093067,24.0
-1,-97.8112549604007,19.882352041666636,66.0,62.88000000000003,34.93125496040067,20.0
-1,-123.27555698220192,19.722998185185137,85.0,87.93600000000005,35.33955698220186,19.0
-1,-121.63906844491572,19.754763685185114,68.0,74.97600000000003,46.663068444915694,21.0
-1,-107.92244462262994,20.44184492129625,68.0,72.57600000000004,35.346444622629896,17.0
-1,-101.87516571323982,20.791064879629616,63.0,57.60000000000002,44.2751657132398,21.0
-1,-83.65157294297144,18.222082675925904,41.0,40.896,42.75557294297144,19.0
-1,-100.48630125527944,23.383921379629584,70.0,61.824000000000034,38.66230125527941,16.0
-1,-143.0212809175408,21.969808449074,60.0,71.04000000000002,71.98128091754077,23.0
-1,-117.54162909032884,14.744051856481482,67.0,78.91200000000003,38.629629090328805,20.0
-1,-116.1599051431003,23.82846701388878,63.0,65.18400000000001,50.975905143100285,20.0
-1,-110.41550431473696,20.399405023148084,62.0,63.36000000000002,47.05550431473694,20.0
-1,-122.23831368093028,15.638461027777756,68.0,84.38400000000004,37.854313680930225,21.0
-1,-104.95626381371375,15.714154648148146,47.0,42.33600000000001,62.620263813713734,24.0
-1,-111.47490901231771,14.564812953703726,47.0,48.28800000000002,63.18690901231769,25.0
-1,-110.55643158644244,26.732843226851813,68.0,77.76000000000003,32.7964315864424,16.0
-1,-116.19090642665404,23.689280412036982,79.0,82.17600000000003,34.01490642665401,17.0
-1,-103.77799376521723,18.62125668518518,49.0,50.40000000000001,53.37799376521722,19.0
-1,-102.68824061067748,17.775068064814803,63.0,59.424000000000014,43.26424061067747,19.0
-1,-96.6862353917559,15.220744805555551,60.0,58.08000000000003,38.606235391755874,22.0
-1,-125.35009478587229,20.15601524999994,73.0,76.89600000000004,48.45409478587224,23.0
-1,-136.3612172351696,16.3890372083333,72.0,82.17600000000006,54.18521723516952,25.0
-1,-101.98691758919053,21.831719870370332,48.0,49.63200000000001,52.354917589190514,17.0
-1,-125.62917927475857,19.332384972222155,58.0,70.36800000000002,55.26117927475854,20.0
-1,-122.52892781791591,21.730624078703645,63.0,63.360000000000035,59.16892781791588,19.0
-1,-128.5742874875677,16.192532305555524,61.0,69.31200000000004,59.26228748756764,25.0
-1,-119.20455281421883,21.20741962962956,52.0,63.168000000000035,56.036552814218794,20.0
-1,-117.34610745655861,19.685062236111037,70.0,65.85600000000002,51.49010745655859,23.0
-1,-112.25850864687736,15.915027273148143,52.0,55.488000000000014,56.770508646877346,23.0
-1,-114.43395153818798,20.7682960324074,57.0,55.872000000000014,58.56195153818797,19.0
-1,-109.89515264544707,19.85906982407403,67.0,66.52800000000003,43.367152645447035,18.0
-1,-110.31775153655478,19.979837564814797,58.0,58.08000000000003,52.237751536554754,21.0
-1,-109.5717502651307,23.59064905555553,71.0,58.27200000000003,51.29975026513068,20.0
-1,-106.36166160486414,19.32868169444443,75.0,73.05600000000004,33.30566160486409,18.0
-1,-90.96800088925681,14.949350435185183,59.0,55.58400000000003,35.38400088925678,20.0
-1,-109.02084252607962,15.934343351851838,50.0,59.520000000000024,49.500842526079595,24.0
-1,-121.91508673926705,15.225073055555557,59.0,70.65600000000003,51.25908673926702,24.0
-1,-111.52541284498275,22.578171680555485,61.0,64.32000000000002,47.20541284498274,20.0
-1,-115.01393796810113,17.301885226851798,64.0,74.01600000000002,40.99793796810111,21.0
-1,-120.94730138082272,21.977640370370313,70.0,77.08800000000004,43.859301380822686,21.0
-1,-123.00616631440708,21.715359138888847,63.0,57.40800000000003,65.59816631440705,22.0
-1,-99.46314387531683,17.80001481481482,53.0,57.120000000000026,42.343143875316805,20.0
-1,-110.35020380983853,20.32702350925924,56.0,66.14400000000002,44.20620380983851,20.0
-1,-123.00962090140081,19.351229342592553,64.0,60.288000000000025,62.72162090140078,24.0
-1,-113.58827000220163,14.393064504629612,44.0,61.34400000000003,52.2442700022016,25.0
-1,-123.28717585043357,16.8932202546296,59.0,65.85600000000004,57.43117585043353,22.0
-1,-108.57210277044777,16.592318078703688,49.0,55.58400000000002,52.988102770447746,21.0
-1,-101.65544455762287,19.03365954166662,56.0,63.93600000000003,37.719444557622836,22.0
-1,-123.31979585838864,18.001902847222173,55.0,56.06400000000002,67.25579585838862,21.0
-1,-117.09367720478606,12.453728740740729,66.0,72.00000000000004,45.09367720478602,24.0
-1,-88.85172912631371,12.518367893518528,38.0,45.69600000000001,43.1557291263137,24.0
-1,-110.05399124023364,16.76542564814815,49.0,56.35200000000002,53.70199124023363,23.0
-1,-97.016276569047,20.369217439814815,52.0,46.94400000000002,50.07227656904697,19.0
-1,-114.53803580601291,19.62736854629623,53.0,65.95200000000001,48.586035806012895,23.0
-1,-107.41327523320534,24.00429201851847,72.0,70.75200000000002,36.661275233205316,19.0
-1,-104.60714697124263,14.61593123148149,45.0,48.09600000000001,56.51114697124262,25.0
-1,-116.51356704064015,22.171095634259203,75.0,72.09600000000003,44.41756704064012,20.0
-1,-116.24874303479722,20.55280421759256,52.0,57.024000000000015,59.2247430347972,20.0
-1,-97.30248218696234,17.529348490740738,53.0,54.048000000000016,43.25448218696232,20.0
-1,-124.95786848123592,22.108398819444435,56.0,48.09600000000001,76.8618684812359,21.0
-1,-116.21885942816317,12.941313333333314,54.0,62.30400000000004,53.914859428163126,24.0
-1,-118.02464756604058,17.315455712962915,47.0,50.20800000000003,67.81664756604056,22.0
-1,-109.37743871706121,22.19923257407403,65.0,67.39200000000002,41.98543871706119,19.0
-1,-99.09157524335153,17.90744816666667,54.0,50.112000000000016,48.97957524335151,20.0
-1,-99.7903020367159,17.561679120370364,61.0,60.672000000000025,39.11830203671587,19.0
-1,-106.32586241396675,15.182233273148167,40.0,44.54400000000002,61.781862413966735,23.0
-1,-93.2674027781073,15.336697685185202,44.0,50.88000000000002,42.38740277810728,22.0
-1,-100.90036337850037,19.42195293981478,66.0,61.34400000000003,39.556363378500336,20.0
-1,-114.19327692723142,20.089303055555533,73.0,69.98400000000002,44.2092769272314,20.0
-1,-118.7066060709169,17.186204361111063,68.0,81.88800000000003,36.81860607091688,22.0
-1,-95.6637172830138,10.100204101851858,44.0,49.920000000000016,45.74371728301379,23.0
-1,-113.7628763503255,14.452856703703699,51.0,55.48800000000002,58.27487635032548,23.0
-1,-115.07154710979111,16.00834459722222,51.0,57.21600000000002,57.8555471097911,24.0
-1,-82.22741106051137,13.90003196759259,43.0,53.66400000000002,28.563411060511353,18.0
-1,-106.66660072245321,17.73503002314812,47.0,59.80800000000003,46.85860072245318,19.0
-1,-112.74557846919095,22.888859013888823,62.0,74.78400000000003,37.961578469190904,20.0
-1,-124.03616028502071,16.110512444444442,53.0,69.69600000000003,54.34016028502068,22.0
-1,-120.33537701274365,23.5060588379629,68.0,77.66400000000003,42.67137701274362,20.0
-1,-105.93590229652483,14.548960999999986,41.0,43.87200000000001,62.06390229652483,23.0
-1,-107.09462671719078,19.01063537037033,47.0,46.27200000000001,60.82262671719077,20.0
-1,-119.14077974004223,15.335519921296298,44.0,50.01600000000001,69.12477974004221,23.0
-1,-117.50275509878999,14.087709296296284,67.0,70.36800000000004,47.13475509878995,25.0
-1,-119.18906841951997,14.300502615740726,50.0,70.65600000000002,48.53306841951996,23.0
-1,-115.30789104370345,16.835450055555526,51.0,54.91200000000002,60.39589104370342,25.0
-1,-100.22051659103477,20.20911639351847,55.0,61.24800000000002,38.97251659103475,17.0
-1,-98.52986843771734,16.732167268518488,49.0,63.648000000000025,34.88186843771732,21.0
-1,-95.78098024970274,13.635323615740738,48.0,51.16800000000003,44.6129802497027,22.0
-1,-83.63227987242979,9.966647078703707,41.0,41.56800000000001,42.06427987242977,25.0
-1,-88.3128981125059,15.176171388888893,41.0,39.648,48.6648981125059,22.0
-1,-107.67500724202515,19.365233624999952,54.0,51.93600000000002,55.73900724202512,20.0
-1,-112.32535156708721,13.224399254629624,45.0,50.97600000000001,61.34935156708719,24.0
-1,-88.44480144254536,19.553631935185184,59.0,52.992000000000026,35.45280144254533,16.0
-1,-89.8628455131675,23.555449583333292,52.0,50.112000000000016,39.750845513167484,16.0
-1,-99.72243369892612,13.403557351851857,41.0,48.960000000000015,50.7624336989261,23.0
-1,-127.81448000560508,18.116691268518455,67.0,80.25600000000004,47.558480005605034,23.0
-1,-103.69545527715195,18.099008504629587,55.0,57.21600000000001,46.47945527715195,21.0
-1,-92.3504668391378,14.37554718055555,55.0,61.82400000000001,30.526466839137786,19.0
-1,-108.22522223908669,16.003372680555557,42.0,50.40000000000002,57.82522223908667,24.0
-1,-97.64705843212569,18.69415574537034,42.0,48.192000000000014,49.455058432125675,20.0
-1,-104.82260627150724,18.71724674999995,55.0,62.400000000000034,42.422606271507206,21.0
-1,-95.63885041361004,20.661956199074016,59.0,60.96000000000002,34.67885041361003,16.0
-1,-119.31884809491144,14.982428296296288,49.0,62.400000000000034,56.91884809491141,24.0
-1,-109.44871136487708,16.721832796296287,52.0,63.36000000000003,46.088711364877064,23.0
-1,-110.73346806318081,18.609006865740696,65.0,68.92800000000004,41.80546806318077,21.0
-1,-95.17684342321242,13.050636652777781,39.0,45.792000000000016,49.3848434232124,25.0
-1,-92.87219199198276,22.914334726851827,63.0,53.85600000000002,39.01619199198274,17.0
-1,-112.94676138470922,17.614767097222185,68.0,73.63200000000003,39.31476138470919,19.0
-1,-115.91582169546868,16.97198772685181,58.0,65.85600000000002,50.059821695468656,22.0
-1,-108.85850751791155,19.50753161111108,58.0,56.64000000000002,52.218507517911526,21.0
-1,-120.0656776142882,21.16737237499996,62.0,60.67200000000002,59.39367761428819,18.0
-1,-128.5068438910762,13.907205032407406,50.0,64.70400000000002,63.80284389107618,26.0
-1,-99.4632545221119,19.85561163425923,62.0,56.25600000000002,43.207254522111874,20.0
-1,-112.85085371373589,15.258819861111123,66.0,69.88800000000003,42.96285371373586,23.0
-1,-110.32337904564754,23.40025793518517,62.0,64.03200000000002,46.29137904564752,19.0
-1,-115.65527371890933,18.59497321759257,61.0,68.83200000000004,46.82327371890929,22.0
-1,-97.59229745089903,14.311803416666672,42.0,40.51200000000001,57.08029745089902,24.0
-1,-120.99307859210143,20.044333578703608,77.0,86.01600000000003,34.97707859210139,21.0
-1,-145.0923364159513,15.52236436111109,75.0,87.45600000000005,57.63633641595126,27.0
-1,-113.6748200613082,19.415609638888828,66.0,73.53600000000004,40.13882006130816,22.0
-1,-112.10429960136923,21.359102041666603,53.0,53.85600000000002,58.24829960136921,20.0
-1,-107.99835989003999,17.529277768518494,49.0,56.544000000000025,51.45435989003997,21.0
-1,-101.68973334708076,16.907324361111115,59.0,61.15200000000002,40.537733347080746,20.0
-1,-102.05690287532872,23.069329226851824,70.0,67.20000000000002,34.8569028753287,18.0
-1,-89.75226445060858,12.973470740740744,44.0,41.28,48.47226445060857,23.0
-1,-95.68925534345817,17.920802777777773,49.0,48.96000000000001,46.729255343458156,22.0
-1,-133.15569130156956,15.143358717592578,76.0,84.76800000000004,48.38769130156952,21.0
-1,-121.34224044723459,20.233500055555524,79.0,79.39200000000002,41.950240447234556,20.0
-1,-133.59844011316383,23.910517634259172,67.0,73.72800000000002,59.870440113163816,22.0
-1,-102.06298110086064,15.330661518518507,47.0,62.59200000000003,39.47098110086061,19.0
-1,-114.59424662822744,19.002337787037003,60.0,67.96800000000003,46.626246628227406,20.0
-1,-124.01367870403978,16.747215314814817,65.0,67.48800000000003,56.52567870403975,22.0
-1,-110.721994181909,16.931528555555513,67.0,62.78400000000003,47.93799418190898,22.0
-1,-103.48978605622132,19.297761361111057,47.0,51.93600000000002,51.5537860562213,19.0
-1,-97.4974113124857,16.474377907407405,48.0,47.520000000000024,49.97741131248567,24.0
-1,-101.77833431336686,15.762440981481475,50.0,45.31200000000001,56.46633431336685,23.0
-1,-99.98055509259763,17.20013120833334,57.0,64.896,35.084555092597626,19.0
-1,-98.39207390272922,13.557277944444449,44.0,51.93600000000002,46.4560739027292,22.0
-1,-87.40895904508247,21.760198185185196,50.0,46.65600000000003,40.75295904508245,18.0
-1,-111.08596905962567,12.340748421296299,70.0,79.39200000000002,31.693969059625644,20.0
-1,-94.43199554040163,14.299805180555573,57.0,56.064000000000014,38.36799554040161,19.0
-1,-78.75602582980869,15.382842416666662,54.0,56.640000000000015,22.116025829808684,15.0
-1,-109.48347757209173,21.589195944444374,55.0,64.03200000000002,45.451477572091704,18.0
-1,-101.40203787701934,20.531230467592582,62.0,52.80000000000002,48.60203787701932,20.0
-1,-109.13146595693186,12.735733291666676,41.0,44.832000000000015,64.29946595693185,25.0
-1,-98.52107954101464,12.353287013888917,49.0,48.192000000000014,50.32907954101462,26.0
-1,-99.65556617189748,18.724459662037003,53.0,57.79200000000002,41.863566171897446,20.0
-1,-137.70658079294068,16.99507122222221,55.0,72.19200000000004,65.51458079294065,23.0
-1,-82.32091725916902,14.538088273148146,46.0,40.128000000000014,42.19291725916901,24.0
-1,-138.90503233631054,22.381193055555517,65.0,69.40800000000002,69.49703233631053,23.0
-1,-106.15049811935164,19.849570981481417,53.0,61.82400000000003,44.32649811935161,20.0
-1,-112.65925059845779,13.07784151851853,48.0,49.92000000000001,62.73925059845779,24.0
-1,-100.326108039893,18.5014037407407,45.0,50.20800000000001,50.118108039892995,20.0
-1,-96.37763330564923,16.210159259259246,58.0,58.368000000000016,38.00963330564922,21.0
-1,-106.1216107134546,16.152259333333348,47.0,57.21600000000003,48.90561071345458,20.0
-1,-91.87228359621321,10.290011407407416,36.0,48.576000000000015,43.296283596213186,23.0
-1,-102.09328363410577,18.151424162037028,55.0,56.64000000000003,45.45328363410574,24.0
-1,-114.64156179657098,16.51210240740735,50.0,60.57600000000003,54.06556179657095,23.0
-1,-102.92914687120282,14.747585703703676,56.0,57.40800000000003,45.52114687120279,24.0
-1,-97.34306673780057,16.89054342129625,53.0,61.24800000000003,36.095066737800536,22.0
-1,-109.38325350458673,18.16814356018517,51.0,52.608000000000004,56.77525350458673,21.0
-1,-80.7230211836667,14.592326037037042,40.0,42.91200000000001,37.81102118366668,19.0
-1,-131.32620059773998,17.12260221759255,54.0,68.92800000000003,62.398200597739965,24.0
-1,-89.24966098926896,17.77012918518521,55.0,53.18400000000002,36.065660989268935,18.0
-1,-91.57206228195716,15.088880124999974,42.0,51.16800000000002,40.40406228195714,23.0
-1,-129.56328792882164,18.782349393518476,55.0,69.12000000000003,60.44328792882161,21.0
-1,-99.35829508536585,15.437309625000003,55.0,57.504000000000026,41.854295085365834,20.0
-1,-106.40140080576467,22.823114458333272,56.0,55.77600000000002,50.625400805764656,20.0
-1,-106.34677526984677,13.918939504629643,41.0,42.81600000000002,63.53077526984675,23.0
-1,-96.4332567578229,14.005205083333315,45.0,52.608000000000025,43.82525675782287,22.0
-1,-120.34069957922293,19.036860717592536,47.0,53.18400000000002,67.1566995792229,22.0
-1,-82.35920007829891,23.75884224074072,59.0,49.728000000000016,32.631200078298896,17.0
-1,-138.52817832941005,21.60843751851847,60.0,73.05600000000004,65.47217832941001,20.0
-1,-106.49759626379935,14.912829092592604,39.0,40.22400000000001,66.27359626379935,22.0
-1,-110.85034891008321,16.721010162037032,53.0,54.62400000000002,56.226348910083196,25.0
-1,-115.31726220691822,19.63630629166664,67.0,65.18400000000001,50.133262206918204,21.0
-1,-90.97324398083194,14.4540125925926,37.0,41.760000000000005,49.213243980831926,22.0
-1,-109.86827811337623,16.370997379629625,42.0,45.024000000000015,64.84427811337622,20.0
-1,-99.896285156332,18.215144444444437,55.0,61.53600000000002,38.36028515633197,20.0
-1,-102.98974089758391,18.40898618981479,52.0,52.608000000000025,50.38174089758388,23.0
-1,-123.39494557297178,14.75283644444443,56.0,72.67200000000003,50.72294557297176,23.0
-1,-112.16247925989305,15.71291218981482,50.0,55.00800000000002,57.15447925989304,24.0
-1,-94.72101238913427,16.664124675925926,52.0,51.45600000000002,43.265012389134256,19.0
-1,-78.2651272227688,20.190263652777734,51.0,51.74400000000001,26.521127222768786,14.0
-1,-86.22613804668069,19.944934740740717,59.0,53.95200000000003,32.27413804668066,18.0
-1,-88.75951189950263,16.933908587962932,44.0,47.13600000000002,41.62351189950261,23.0
-1,-115.74146216154216,16.843026708333298,65.0,77.47200000000004,38.26946216154213,21.0
-1,-108.67299688037622,19.96311193981471,56.0,61.34400000000003,47.32899688037618,22.0
-1,-116.73821338113925,18.620756583333264,45.0,52.128000000000014,64.61021338113923,24.0
-1,-114.48854401104992,19.677138018518463,69.0,77.95200000000004,36.536544011049884,23.0
-1,-104.8859715521387,14.775542759259256,65.0,71.61600000000004,33.269971552138664,20.0
-1,-97.04626338937432,20.601939513888873,55.0,56.54400000000002,40.5022633893743,20.0
-1,-76.7455993494041,10.386380763888884,42.0,47.80800000000002,28.937599349404085,18.0
-1,-134.60744836486583,19.958886004629544,70.0,71.13600000000004,63.47144836486579,22.0
-1,-115.41872835176271,12.3463297685185,44.0,66.81600000000002,48.60272835176269,26.0
-1,-93.00565646092626,16.38926323148149,38.0,39.648,53.35765646092626,22.0
-1,-97.55466648395321,15.029622046296273,54.0,64.89600000000002,32.6586664839532,17.0
-1,-94.06822141714918,14.093972365740747,47.0,52.512000000000015,41.55622141714916,22.0
-1,-98.84920069465146,23.13570114814812,55.0,49.82400000000002,49.02520069465144,19.0
-1,-108.08120183375354,18.92435346759255,64.0,64.70400000000002,43.37720183375351,19.0
-1,-106.11815119208228,23.646397324074027,63.0,60.57600000000003,45.54215119208226,18.0
-1,-102.57787941096964,12.50320888425925,43.0,49.920000000000016,52.65787941096963,26.0
-1,-98.38831989749585,16.287670962962945,64.0,63.55200000000002,34.83631989749582,20.0
-1,-111.43217457073816,19.808210212962887,60.0,67.39200000000004,44.04017457073812,20.0
-1,-132.89444379389232,19.088141583333247,71.0,75.36000000000004,57.534443793892265,23.0
-1,-114.48537891113813,15.432929064814818,46.0,45.984,68.50137891113812,25.0
-1,-112.7782260162126,18.956098930555516,54.0,48.28800000000001,64.49022601621259,22.0
-1,-87.73974783078592,14.73743289814815,36.0,37.632000000000005,50.10774783078591,23.0
-1,-130.48604644090338,14.946702592592578,79.0,96.48000000000005,34.00604644090334,20.0
-1,-90.17422900127264,23.356896166666672,54.0,50.496000000000016,39.678229001272626,17.0
-1,-91.43635882351164,12.55787939814814,46.0,50.49600000000002,40.940358823511616,23.0
-1,-79.97516180839779,10.649733087962968,40.0,43.58400000000001,36.39116180839778,23.0
-1,-110.12766064613402,15.77684558796294,46.0,56.736000000000026,53.391660646134,23.0
-1,-111.25503483994723,19.09058749537033,50.0,60.67200000000003,50.5830348399472,23.0
-1,-173.4043101517895,20.417228916666584,68.0,89.66400000000004,83.74031015178944,26.0
-1,-113.26308877512334,21.577881967592546,60.0,57.79200000000003,55.471088775123306,23.0
-1,-113.65534673721066,17.56693962037034,70.0,75.36000000000003,38.295346737210636,21.0
-1,-100.04358200129013,15.760289124999986,45.0,48.19200000000002,51.851582001290105,24.0
-1,-128.15726217538895,17.260999476851808,64.0,72.57600000000004,55.581262175388915,25.0
-1,-100.32687654845469,28.238749476851766,67.0,70.17600000000003,30.15087654845466,15.0
-1,-105.11767690610864,15.105237101851838,61.0,67.68,37.43767690610863,19.0
-1,-109.53246235979589,16.834289069444427,43.0,46.84800000000001,62.68446235979587,21.0
-1,-111.56884254928265,22.76372173148138,68.0,60.57600000000003,50.99284254928262,22.0
-1,-107.99129563350765,17.505987472222202,60.0,62.59200000000002,45.39929563350763,24.0
-1,-97.13603364937885,16.731974069444437,53.0,53.184000000000005,43.95203364937885,22.0
-1,-101.93424158310123,18.24814396759257,52.0,57.69600000000003,44.2382415831012,22.0
-1,-100.08299434669118,18.218587032407395,65.0,62.30400000000002,37.778994346691164,17.0
-1,-111.16261235729982,18.14898508796294,56.0,65.47200000000002,45.690612357299806,23.0
-1,-102.52550121575749,14.119366287037023,61.0,72.38400000000003,30.14150121575746,18.0
-1,-88.31000882336258,20.062031708333325,50.0,45.79200000000001,42.51800882336257,21.0
-1,-90.22999217682968,17.843073458333336,50.0,49.72800000000002,40.50199217682965,20.0
-1,-94.00797396531979,14.041438222222233,44.0,49.82400000000001,44.18397396531979,23.0
-1,-104.91817659141424,13.695967513888895,53.0,54.240000000000016,50.678176591414214,25.0
-1,-109.80295835477202,12.488448999999996,44.0,51.64800000000002,58.154958354772006,26.0
-1,-132.2754654721719,19.94086668055551,86.0,101.18400000000005,31.091465472171855,17.0
-1,-93.64960815298139,12.772607972222225,47.0,53.08800000000002,40.56160815298136,22.0
-1,-114.77676743239198,17.57110602314809,63.0,65.85600000000004,48.92076743239193,23.0
-1,-125.32041291328804,16.64132484259257,75.0,83.80800000000005,41.51241291328799,23.0
-1,-123.48218965363478,18.554429092592525,61.0,73.44000000000004,50.04218965363473,23.0
-1,-99.57160904398864,18.24178011111109,62.0,65.95200000000003,33.619609043988625,18.0
-1,-117.19725255926193,18.54917837962958,56.0,66.52800000000003,50.669252559261885,22.0
-1,-118.50139059937052,21.014299800925873,62.0,63.84000000000003,54.661390599370485,21.0
-1,-109.80852269369075,21.257607643518465,52.0,55.10400000000002,54.70452269369073,17.0
-1,-103.41322601729293,19.245265861111086,62.0,77.76000000000002,25.65322601729291,16.0
-1,-107.23811230811792,18.45669090740737,55.0,66.72000000000003,40.51811230811789,22.0
-1,-119.63401406915692,22.800692699073974,75.0,71.04000000000003,48.594014069156884,21.0
-1,-103.45086521459707,17.51309244444444,52.0,51.072000000000024,52.37886521459705,20.0
-1,-81.12872739140872,16.412175708333336,51.0,44.54400000000001,36.5847273914087,22.0
-1,-106.62182148443722,18.149159833333254,59.0,63.936000000000035,42.685821484437184,22.0
-1,-93.36180320413746,13.22720243518518,39.0,50.112000000000016,43.24980320413745,23.0
-1,-85.12128359699446,21.030673782407344,48.0,47.52000000000002,37.60128359699445,17.0
-1,-99.42902058894074,17.254971694444418,55.0,54.33600000000002,45.09302058894073,23.0
-1,-110.86319518545946,15.84405721759258,47.0,52.60800000000002,58.255195185459435,23.0
-1,-104.40050306947002,20.216869157407377,60.0,61.440000000000026,42.96050306946999,20.0
-1,-118.31189302682102,18.734334824074022,55.0,68.25600000000004,50.05589302682099,22.0
-1,-109.93140943176074,17.374296018518496,51.0,53.85600000000002,56.07540943176072,23.0
-1,-97.7983368866546,17.84237341203702,53.0,55.87200000000002,41.92633688665458,22.0
-1,-99.91036403970512,20.34659218518516,55.0,60.672000000000025,39.2383640397051,19.0
-1,-106.84807192102741,21.03899683796291,69.0,69.88800000000002,36.96007192102739,19.0
-1,-107.20421991687603,19.177449699074007,70.0,67.29600000000002,39.90821991687601,22.0
-1,-110.81008391015662,18.86448482870369,69.0,74.59200000000003,36.218083910156594,17.0
-1,-105.67245553370086,20.471620004629603,61.0,62.976000000000035,42.69645553370082,20.0
-1,-131.1767068308111,18.874218587962925,64.0,68.35200000000003,62.82470683081108,23.0
-1,-113.45342134496849,23.063983060185134,59.0,69.79200000000003,43.66142134496846,17.0
-1,-103.86635322379898,20.15504542129621,56.0,64.70400000000004,39.162353223798945,22.0
-1,-107.30686366864404,17.03446249999998,46.0,53.664000000000016,53.64286366864403,20.0
-1,-86.01353206652533,22.80743458796294,56.0,51.16800000000001,34.845532066525315,16.0
-1,-102.39747300201134,19.052191990740702,71.0,69.31200000000004,33.0854730020113,20.0
-1,-99.57919365806299,19.40058110185182,54.0,50.688000000000024,48.89119365806297,21.0
-1,-104.33062119207518,14.99818599074073,51.0,56.06400000000002,48.26662119207516,24.0
-1,-119.87980588436814,21.14049278703698,65.0,68.64000000000003,51.23980588436811,20.0
-1,-93.79187249543537,20.168754388888903,60.0,59.80800000000003,33.98387249543534,19.0
-1,-102.64943848110929,22.561327245370276,65.0,65.18400000000003,37.46543848110925,19.0
-1,-117.44396769240372,19.06779006018515,62.0,64.99200000000002,52.4519676924037,21.0
-1,-108.41578834708835,18.635037407407356,53.0,59.13600000000002,49.279788347088335,20.0
-1,-110.7851952373455,21.08446360648143,72.0,69.69600000000003,41.08919523734548,19.0
-1,-104.00153872388444,18.667336768518435,59.0,62.97600000000003,41.02553872388442,22.0
-1,-105.02348026665905,22.902107601851792,66.0,68.73600000000003,36.287480266659024,18.0
-1,-103.12405114637149,19.71797439814812,66.0,61.34400000000003,41.780051146371456,21.0
-1,-87.65654475874541,22.657285810185165,58.0,58.36800000000002,29.288544758745395,15.0
-1,-97.7272221995506,12.174670495370377,42.0,50.40000000000002,47.327222199550576,25.0
-1,-97.67690165812601,17.40557388425924,51.0,56.92800000000002,40.748901658125995,21.0
-1,-110.19002193568198,18.555813083333295,60.0,56.35200000000003,53.83802193568196,23.0
-1,-113.64180870194173,18.75776943518515,54.0,56.352000000000025,57.2898087019417,20.0
-1,-101.51052250966467,13.078562375000011,44.0,57.792000000000016,43.718522509664645,24.0
-1,-88.4208116975768,19.69016447222216,48.0,46.75200000000001,41.668811697576785,19.0
-1,-97.9288133039305,14.379392333333335,49.0,58.17600000000002,39.75281330393047,21.0
-1,-90.97253764947337,21.021379379629582,52.0,49.24800000000001,41.72453764947336,19.0
-1,-92.29798754883049,11.147873689814851,34.0,41.184000000000005,51.11398754883048,25.0
-1,-124.31055990583859,18.320070157407343,67.0,75.55200000000004,48.75855990583855,22.0
-1,-117.56323881676325,22.074514546296218,66.0,72.96000000000004,44.60323881676321,22.0
-1,-119.23195632886186,18.2989008981481,56.0,65.95200000000001,53.279956328861836,24.0
-1,-125.56598042140631,15.566198935185163,56.0,64.80000000000003,60.76598042140628,24.0
-1,-96.53991419747621,16.295707226851867,45.0,46.56000000000002,49.9799141974762,20.0
-1,-94.59908673550294,19.68189125462961,51.0,48.76800000000002,45.83108673550292,21.0
-1,-103.7958844688988,18.15336101388888,50.0,54.04800000000002,49.74788446889878,21.0
-1,-101.33555845453469,21.973206629629576,49.0,49.82400000000002,51.511558454534665,20.0
-1,-114.61979236142085,27.381656356481447,85.0,91.87200000000004,22.7477923614208,13.0
-1,-107.82513110762466,21.130250342592525,69.0,66.62400000000004,41.20113110762461,21.0
-1,-100.25487063855142,17.53389311111112,57.0,61.72800000000003,38.526870638551394,21.0
-1,-94.49115730165951,8.02560331944445,40.0,49.82400000000002,44.667157301659486,26.0
-1,-102.82600039678314,16.241705879629638,51.0,62.30400000000002,40.52200039678311,21.0
-1,-99.48003297694208,15.775359773148132,52.0,55.10400000000003,44.37603297694206,22.0
-1,-97.20435360089482,14.892659282407397,53.0,62.30400000000004,34.90035360089479,20.0
-1,-98.13146080330435,20.56035681481474,55.0,51.93600000000001,46.19546080330434,21.0
-1,-103.84602130877832,17.149683712962922,55.0,59.04000000000003,44.806021308778284,23.0
-1,-94.34259577720061,16.177171509259267,57.0,60.48000000000003,33.86259577720058,18.0
-1,-92.06227974955316,14.905005273148138,52.0,51.93600000000002,40.126279749553134,25.0
-1,-109.30114494501703,16.71927037037034,51.0,51.74400000000002,57.557144945017015,24.0
-1,-114.2911815436287,14.783153398148142,44.0,54.048000000000016,60.24318154362868,24.0
-1,-98.25503084593691,23.724738624999986,68.0,73.82400000000004,24.431030845936874,15.0
-1,-86.64457308033167,15.819663518518503,52.0,58.08000000000003,28.564573080331645,16.0
-1,-93.39269917600257,20.97259555555552,53.0,51.36000000000002,42.03269917600254,18.0
-1,-118.10603654198957,16.77554702314814,59.0,73.92000000000004,44.18603654198952,21.0
-1,-108.40611653549135,17.45981294444442,59.0,62.592000000000034,45.81411653549131,21.0
-1,-97.36444189629736,14.641702249999984,44.0,49.728000000000016,47.63644189629735,21.0
-1,-103.36258635192522,14.25645748611111,49.0,58.36800000000002,44.994586351925186,25.0
-1,-105.2823571071023,16.276386189814808,41.0,44.64000000000002,60.64235710710228,22.0
-1,-108.81589498052986,16.999766324074056,49.0,58.17600000000002,50.639894980529846,23.0
-1,-115.3723949715243,19.56985801388885,60.0,65.28000000000003,50.092394971524264,21.0
-1,-97.61842891309098,17.916125092592566,62.0,62.68800000000003,34.93042891309095,20.0
-1,-101.39533792777692,18.24239967592588,48.0,51.74400000000002,49.65133792777689,22.0
-1,-90.33600018457582,18.157273916666657,54.0,49.15200000000002,41.18400018457581,20.0
-1,-99.17620770319274,18.83887061574071,55.0,57.60000000000002,41.57620770319273,19.0
-1,-101.3911158582697,18.084426333333333,58.0,60.28800000000003,41.103115858269675,20.0
-1,-93.30159951887634,19.145276564814765,51.0,53.184000000000026,40.11759951887631,20.0
-1,-96.27830326831292,17.143072527777793,49.0,50.68800000000001,45.59030326831291,19.0
-1,-104.28004298112,23.856237662036968,63.0,60.96000000000002,43.32004298111999,19.0
-1,-109.70856813756359,19.49722151851851,59.0,58.944000000000024,50.76456813756357,22.0
-1,-95.96091228094657,12.840630990740731,42.0,44.92800000000001,51.03291228094656,25.0
-1,-123.92881568275536,20.992588601851793,74.0,76.89600000000003,47.03281568275533,23.0
-1,-100.62683217603863,20.500671472222194,68.0,72.86400000000003,27.7628321760386,17.0
-1,-98.48289248627282,17.84815796296297,51.0,56.544000000000025,41.9388924862728,20.0
-1,-106.59652015014498,16.138368291666684,52.0,65.56800000000003,41.02852015014495,18.0
-1,-78.00839307873983,12.12805764814815,50.0,50.20800000000002,27.800393078739802,17.0
-1,-91.26929150462641,14.38717005092593,59.0,57.60000000000002,33.669291504626386,20.0
-1,-111.09837117776672,21.323274634259164,60.0,66.04800000000003,45.05037117776669,23.0
-1,-93.78693858056617,15.340071879629626,34.0,41.37600000000001,52.41093858056616,23.0
-1,-121.99567591784778,17.729445245370332,54.0,63.456000000000024,58.53967591784775,22.0
-1,-106.2161265411213,17.397461967592537,51.0,54.04800000000002,52.16812654112127,22.0
-1,-108.81995192082726,22.268059004629567,64.0,67.00800000000002,41.811951920827234,19.0
-1,-95.13922713062261,14.78616306481481,47.0,52.89600000000003,42.243227130622586,20.0
-1,-121.86431318484114,17.256772574074052,58.0,78.52800000000003,43.336313184841096,20.0
-1,-101.72445432998586,17.93365791666661,60.0,58.560000000000024,43.16445432998584,22.0
-1,-97.0703661928519,14.415105347222235,36.0,34.56,62.5103661928519,22.0
-1,-103.38091744005303,16.83492262962961,59.0,60.96000000000002,42.420917440053,25.0
-1,-93.35119752059663,19.511847685185145,53.0,53.568000000000026,39.7831975205966,19.0
-1,-103.06219640921222,18.600329273148102,66.0,65.18400000000001,37.8781964092122,19.0
-1,-108.23364270617365,19.17912073611105,55.0,59.52000000000003,48.71364270617362,24.0
-1,-123.55774675609462,24.35013194444441,65.0,68.73600000000003,54.82174675609458,19.0
-1,-88.77155820470975,22.29593808796293,45.0,46.08000000000001,42.69155820470973,17.0
-1,-113.13210782219225,12.180497430555564,54.0,61.632000000000026,51.50010782219223,24.0
-1,-104.1216002093737,20.431728777777703,60.0,61.34400000000003,42.77760020937367,22.0
-1,-120.65618675218064,15.094440773148152,47.0,56.160000000000025,64.49618675218062,21.0
-1,-96.35280777232606,17.583606226851806,50.0,57.21600000000003,39.13680777232602,21.0
-1,-94.03423281927458,14.94148194907408,43.0,39.26400000000001,54.77023281927457,25.0
-1,-112.8908009351546,21.136925166666646,69.0,72.76800000000004,40.122800935154565,20.0
-1,-103.59230672290116,16.807145856481473,48.0,50.592000000000006,53.00030672290114,22.0
-1,-100.51064282637515,18.063593856481432,49.0,45.888000000000005,54.62264282637515,22.0
-1,-145.09394586288215,22.99356493055543,76.0,80.44800000000004,64.64594586288213,24.0
-1,-95.30172535909028,18.910784282407395,48.0,42.720000000000006,52.58172535909027,20.0
-1,-104.02598112176818,13.741792236111111,52.0,57.69600000000001,46.32998112176817,22.0
-1,-77.18667521878388,15.31901152314815,53.0,55.488000000000014,21.698675218783865,16.0
-1,-121.91292022890113,17.34478363888885,52.0,56.92800000000002,64.98492022890112,23.0
-1,-123.14832174987292,14.067933699074048,51.0,70.17600000000003,52.97232174987289,26.0
-1,-88.33032195914787,13.176061319444441,41.0,44.25600000000001,44.07432195914786,24.0
-1,-110.10966992639374,23.270092486111054,64.0,67.96800000000003,42.141669926393696,20.0
-1,-107.06024204637559,18.030157435185163,68.0,66.912,40.148242046375586,20.0
-1,-103.44383485714359,16.989168425925897,54.0,53.76000000000002,49.683834857143566,24.0
-1,-101.11870590694079,14.223394175925938,48.0,50.976000000000006,50.14270590694079,22.0
-1,-100.84135390579277,16.96154187962963,47.0,45.216000000000015,55.625353905792764,23.0
-1,-87.1497849888208,17.726797004629628,60.0,53.184000000000026,33.96578498882077,20.0
-1,-95.1106920002176,14.282703138888888,48.0,47.42400000000002,47.686692000217576,25.0
-1,-100.44996221091124,18.431640874999985,55.0,56.160000000000025,44.28996221091121,20.0
-1,-115.81389902514599,19.29966213425921,54.0,57.88800000000003,57.92589902514597,20.0
-1,-115.39373207801047,17.988607004629603,54.0,52.22400000000002,63.169732078010455,24.0
-1,-93.64373670204995,15.67696299074071,59.0,55.39200000000002,38.25173670204993,23.0
-1,-104.40440805261039,13.872642384259247,64.0,62.49600000000003,41.908408052610355,22.0
-1,-110.30366934125215,19.47983120370366,63.0,66.62400000000002,43.67966934125213,22.0
-1,-115.12292166051375,17.59557156481479,67.0,72.67200000000004,42.450921660513714,20.0
-1,-124.70783785368221,14.413586532407384,57.0,65.18400000000004,59.523837853682174,27.0
-1,-94.17218685489968,14.516267773148147,37.0,39.072,55.10018685489968,25.0
-1,-138.5144574595362,19.668854916666525,74.0,90.33600000000004,48.17845745953617,25.0
-1,-88.37051534439797,22.453196657407364,59.0,52.89600000000003,35.47451534439794,20.0
-1,-106.13395412434812,14.7423739351852,59.0,69.50400000000003,36.62995412434809,19.0
-1,-93.83816060196258,18.314075087962923,59.0,57.40800000000002,36.430160601962555,21.0
-1,-90.48379488372683,17.42039372685183,46.0,53.85600000000002,36.627794883726814,18.0
-1,-126.31388606541137,19.525568467592514,57.0,64.99200000000003,61.32188606541133,21.0
-1,-99.59208953457079,15.43200003240739,51.0,55.10400000000002,44.488089534570776,21.0
-1,-96.65850852847478,17.615662240740747,61.0,74.11200000000002,22.546508528474764,15.0
-1,-99.95605195381688,20.7449178564814,58.0,56.544000000000025,43.41205195381686,21.0
-1,-88.43767532074548,19.588353685185172,48.0,51.936000000000014,36.50167532074547,17.0
-1,-100.71229630717065,15.030194509259262,47.0,47.71200000000002,53.00029630717063,24.0
-1,-114.29826892815954,22.2617563981481,88.0,78.24000000000002,36.05826892815952,19.0
-1,-103.09182113694924,19.36415914351847,61.0,63.74400000000002,39.347821136949214,22.0
-1,-94.04460653851169,15.577899981481472,46.0,49.632000000000026,44.41260653851167,21.0
-1,-104.089298971967,21.15404935648142,58.0,51.26400000000001,52.82529897196698,22.0
-1,-101.51715139639398,14.365963726851854,52.0,52.12800000000002,49.389151396393956,24.0
-1,-109.26064327344281,17.977729365740718,73.0,75.55200000000004,33.708643273442775,19.0
-1,-121.52154100499843,21.042445722222098,64.0,75.07200000000003,46.44954100499839,23.0
-1,-118.36945981697883,18.592281027777762,50.0,55.96800000000003,62.4014598169788,22.0
-1,-95.91488518770376,17.062141787036975,49.0,62.97600000000003,32.938885187703725,16.0
-1,-106.29633706349753,18.867511069444422,53.0,57.024000000000015,49.27233706349751,21.0
-1,-90.17658389108566,15.418250652777774,51.0,55.872000000000014,34.30458389108564,19.0
-1,-97.34455644083744,17.237925055555575,52.0,51.36000000000002,45.98455644083741,24.0
-1,-101.86492835337631,18.105126398148116,53.0,54.04800000000002,47.81692835337629,21.0
-1,-110.6076683234715,12.90234264351852,42.0,47.90400000000002,62.70366832347149,26.0
-1,-104.78377954180672,18.260598055555523,56.0,68.64000000000004,36.14377954180669,19.0
-1,-100.06219133589323,20.21587960185184,53.0,57.69600000000002,42.36619133589321,18.0
-1,-101.12333530181195,14.419299462962927,59.0,69.88800000000002,31.235335301811933,19.0
-1,-119.17330024038745,16.170824675925918,55.0,70.36800000000004,48.80530024038742,23.0
-1,-126.05173168551308,16.48096197685183,63.0,59.32800000000003,66.72373168551304,27.0
-1,-94.68164008523215,17.283562050925916,65.0,61.05600000000002,33.62564008523212,21.0
-1,-99.4301081610671,20.48335956018514,51.0,51.93600000000002,47.494108161067075,21.0
-1,-105.0527663620027,19.02638581481475,57.0,61.24800000000003,43.80476636200266,21.0
-1,-111.23349017894101,21.329181263888817,62.0,60.48000000000003,50.75349017894098,24.0
-1,-104.70344038602083,19.84482111111106,62.0,67.39200000000002,37.311440386020806,20.0
-1,-101.79007405126029,11.819602898148162,36.0,47.808000000000014,53.982074051260284,22.0
-1,-102.31162203268102,15.415623652777773,42.0,48.28800000000002,54.023622032681004,23.0
-1,-121.04343237500966,21.223901032407344,68.0,67.96800000000002,53.07543237500964,20.0
-1,-116.3836928582933,21.813816342592506,62.0,64.70400000000002,51.67969285829328,24.0
-1,-92.27579301636234,15.172579032407414,45.0,50.20800000000001,42.06779301636233,18.0
-1,-88.43935329779787,17.373638999999987,49.0,47.32800000000002,41.11135329779785,21.0
-1,-93.6414718838981,22.20959022222217,55.0,62.016000000000034,31.625471883898065,17.0
-1,-108.07271761617032,18.283516879629605,51.0,56.44800000000002,51.6247176161703,21.0
-1,-93.39765343185726,15.013080263888886,45.0,45.408000000000015,47.98965343185725,23.0
-1,-91.11016206346376,15.280042106481474,52.0,57.50400000000002,33.60616206346374,19.0
-1,-100.31169725195548,18.597231638888854,59.0,63.936000000000035,36.37569725195544,19.0
-1,-118.79129283151826,18.59031256481478,58.0,62.97600000000002,55.81529283151825,22.0
-1,-91.5466930378984,24.90006422685186,60.0,52.704000000000015,38.842693037898385,17.0
-1,-100.55214769736502,17.257834259259262,49.0,55.29600000000003,45.25614769736499,22.0
-1,-119.41078037271065,19.36098879629621,64.0,65.76000000000003,53.650780372710614,20.0
-1,-94.92613519426214,18.6280374722222,54.0,56.92800000000002,37.99813519426213,18.0
-1,-127.82222611317843,17.36009225925923,65.0,67.29600000000003,60.5262261131784,24.0
-1,-93.38371646548154,17.873504550925897,60.0,57.60000000000002,35.78371646548151,21.0
-1,-98.9559257316175,18.72678892592593,53.0,59.61600000000003,39.33992573161747,21.0
-1,-98.5789283723756,17.139237842592546,50.0,56.83200000000003,41.74692837237557,21.0
-1,-103.2112001010483,18.615265439814795,53.0,67.96800000000003,35.243200101048274,17.0
-1,-127.23447676932207,16.850818249999968,72.0,75.93600000000002,51.29847676932206,26.0
-1,-101.5053094713366,18.388111486111107,50.0,56.256000000000014,45.24930947133659,20.0
-1,-109.07496247406523,17.839604157407365,61.0,65.18400000000003,43.890962474065205,20.0
-1,-93.00837093028841,19.59130689814812,56.0,56.92800000000002,36.08037093028838,19.0
-1,-98.16731539316994,14.8957462361111,54.0,53.28000000000002,44.88731539316992,24.0
-1,-97.51216559821918,12.421040129629626,58.0,68.35200000000003,29.16016559821915,19.0
-1,-112.24046056405966,22.611352199074013,69.0,74.40000000000002,37.84046056405964,17.0
-1,-113.14309874878553,18.540981592592573,53.0,65.85600000000002,47.28709874878551,21.0
-1,-105.34749268060105,13.721475023148143,44.0,53.28000000000002,52.06749268060103,22.0
-1,-93.65027287989878,15.771825967592584,47.0,56.544000000000025,37.106272879898754,21.0
-1,-105.20844242062921,14.633307601851849,45.0,49.05600000000002,56.152442420629185,23.0
-1,-122.7942812255609,16.094477800925908,55.0,62.01600000000003,60.778281225560875,26.0
-1,-91.59785676719028,21.251959828703658,50.0,59.61600000000003,31.98185676719026,16.0
-1,-92.67755942395718,19.048521685185165,50.0,49.536000000000016,43.14155942395716,20.0
-1,-113.08881814936322,17.19698562037036,50.0,55.008000000000024,58.0808181493632,24.0
-1,-138.20537421716787,19.78901038425917,69.0,79.96800000000005,58.237374217167826,23.0
-1,-91.84394051154675,17.489818069444436,54.0,54.14400000000001,37.69994051154673,20.0
-1,-93.53404760178333,18.918445324074032,54.0,62.11200000000003,31.422047601783298,18.0
-1,-87.6711290500354,16.975046523148155,47.0,56.25600000000002,31.41512905003539,16.0
-1,-107.20059034558054,20.372298499999957,60.0,68.73600000000003,38.464590345580504,19.0
-1,-117.33131537638508,15.750085337962966,55.0,62.016000000000034,55.31531537638504,23.0
-1,-100.05579847752952,11.14793833333334,40.0,45.408000000000015,54.6477984775295,26.0
-1,-108.43928698812141,17.48412122222217,54.0,55.584000000000024,52.85528698812138,24.0
-1,-96.13521650136175,16.23525871296297,57.0,60.480000000000025,35.655216501361735,20.0
-1,-108.00211410149872,18.905851217592552,65.0,66.33600000000001,41.66611410149871,21.0
-1,-89.78829037772715,20.477146092592555,52.0,48.576000000000015,41.21229037772714,21.0
-1,-106.84186740467136,15.928854861111123,51.0,52.320000000000014,54.52186740467135,25.0
-1,-103.55654413320761,15.217859694444455,47.0,51.26400000000002,52.29254413320759,24.0
-1,-84.05258859967029,16.00473086574075,44.0,45.98400000000002,38.06858859967026,19.0
-1,-105.47023614573298,19.08338581944441,59.0,56.44800000000002,49.02223614573296,23.0
-1,-103.59536060282633,23.35004769444439,57.0,50.112000000000016,53.483360602826316,21.0
-1,-92.76470627711659,16.344968064814815,58.0,64.60800000000002,28.156706277116566,15.0
-1,-97.00493430351358,19.325524763888854,51.0,53.08800000000002,43.91693430351356,21.0
-1,-105.21814361246311,21.414766106481384,65.0,75.74400000000003,29.474143612463074,18.0
-1,-99.55707200731308,20.319209597222173,51.0,55.29600000000003,44.261072007313054,22.0
-1,-97.61439148385101,17.282955365740747,40.0,50.11200000000002,47.502391483850985,19.0
-1,-105.49041061998292,16.85968021296298,61.0,59.712000000000025,45.7784106199829,23.0
-1,-90.83551464443764,20.447673481481473,49.0,41.37600000000001,49.45951464443763,20.0
-1,-107.78176752267558,21.840724245370318,67.0,67.29600000000002,40.48576752267556,20.0
-1,-93.45880041718533,18.229558324074056,57.0,52.51200000000002,40.946800417185315,20.0
-1,-74.44804304936261,13.309823481481475,44.0,53.08800000000001,21.360043049362602,18.0
-1,-95.3952574991365,15.170979754629625,44.0,54.62400000000002,40.77125749913649,19.0
-1,-106.58234544059934,17.151079374999988,51.0,54.24000000000003,52.34234544059932,21.0
-1,-110.67397727607599,13.627348837962959,52.0,60.00000000000002,50.67397727607596,26.0
-1,-102.6751130280079,18.181572675925924,53.0,56.35200000000002,46.32311302800789,22.0
-1,-104.06959719982969,21.135215842592544,59.0,66.04800000000003,38.02159719982966,18.0
-1,-95.79366839613954,15.862373129629628,44.0,47.80800000000002,47.98566839613951,21.0
-1,-82.41652959709057,18.724967490740728,45.0,49.92000000000002,32.49652959709056,19.0
-1,-100.45665621263457,22.42121058796293,64.0,61.05600000000001,39.40065621263456,19.0
-1,-90.65911542144457,15.570342546296265,38.0,39.072,51.58711542144457,20.0
-1,-103.67843769855313,16.848947425925903,56.0,56.736000000000026,46.94243769855311,20.0
-1,-116.14608168521667,21.288406805555496,68.0,66.24000000000002,49.906081685216655,21.0
-1,-97.07502399298349,15.875243143518523,49.0,48.96000000000002,48.11502399298346,21.0
-1,-85.0944039608226,19.847203837962955,59.0,54.72000000000002,30.374403960822587,17.0
-1,-104.10646527643846,19.494622879629635,53.0,53.184000000000026,50.92246527643843,22.0
-1,-97.74735756023401,16.20921578703703,46.0,46.65600000000002,51.09135756023399,21.0
-1,-111.08989199926495,19.877524958333243,55.0,61.72800000000004,49.36189199926491,21.0
-1,-90.34527367377272,14.615687972222226,38.0,43.680000000000014,46.66527367377271,21.0
-1,-98.629867772605,14.724911069444438,43.0,51.64800000000002,46.98186777260497,23.0
-1,-108.44771880058912,15.001421611111118,57.0,67.58400000000003,40.863718800589076,21.0
-1,-92.99930832330546,23.000036569444422,51.0,50.880000000000024,42.119308323305425,18.0
-1,-90.63624301810817,17.355442888888874,47.0,53.95200000000002,36.684243018108155,18.0
-1,-102.89311716706243,18.219600574074047,66.0,66.62400000000002,36.269117167062404,21.0
-1,-99.83759309874284,19.983651740740733,53.0,53.18400000000002,46.65359309874282,21.0
-1,-105.21560457753016,19.236072717592513,62.0,75.45600000000003,29.759604577530126,16.0
-1,-96.25988955200202,13.290430879629618,43.0,52.608000000000025,43.651889552002,24.0
-1,-112.6608296302212,21.165935824074037,56.0,66.52800000000003,46.132829630221174,20.0
-1,-116.87063179420167,16.41811162499996,72.0,84.67200000000004,32.19863179420163,18.0
-1,-107.17948682490855,22.110653796296198,61.0,66.24000000000004,40.93948682490851,19.0
-1,-109.01957574998028,22.000335356481386,63.0,60.864000000000026,48.15557574998025,22.0
-1,-104.56114482938023,22.87160563425915,59.0,70.27200000000003,34.289144829380184,16.0
-1,-93.87057982585543,14.55065533796297,46.0,48.672000000000025,45.1985798258554,23.0
-1,-113.02263565095225,19.06650796296293,55.0,63.36000000000003,49.66263565095222,20.0
-1,-105.04343550202016,16.85210741203701,51.0,60.09600000000002,44.94743550202014,22.0
-1,-106.83353206817131,15.659311037037028,50.0,55.68000000000003,51.15353206817129,25.0
-1,-125.88107191148589,19.333001592592545,59.0,67.58400000000003,58.297071911485865,24.0
-1,-112.23887596413024,13.726307865740747,49.0,55.392000000000024,56.84687596413021,22.0
-1,-79.57162108924068,16.208770259259282,45.0,43.58400000000002,35.98762108924066,20.0
-1,-106.61284181128252,18.875829717592524,56.0,65.08800000000002,41.5248418112825,20.0
-1,-91.73713469397032,23.65494015277774,59.0,68.06400000000002,23.673134693970304,13.0
-1,-109.01364615684298,16.00136748148148,54.0,49.63200000000002,59.38164615684297,24.0
-1,-84.36985248580973,17.811890425925924,46.0,42.81600000000002,41.55385248580972,22.0
-1,-97.31414837595484,16.883046560185146,55.0,60.28800000000003,37.02614837595481,21.0
-1,-101.61563819362595,18.80172561111109,48.0,49.82400000000002,51.791638193625936,22.0
-1,-107.64593133873761,17.22581242129628,54.0,59.23200000000003,48.413931338737584,20.0
-1,-87.77784620926182,20.252208324074058,54.0,50.592000000000006,37.18584620926182,17.0
-1,-88.03505695250253,14.116999254629643,46.0,42.91200000000001,45.123056952502516,23.0
-1,-96.8318811988905,15.292204796296291,54.0,60.384000000000036,36.44788119889047,19.0
-1,-100.89221293299869,21.765775509259235,53.0,54.43200000000002,46.46021293299867,18.0
-1,-122.77965659520095,17.01647538888889,60.0,61.15200000000003,61.627656595200925,21.0
-1,-125.29254669051487,20.56050075462959,67.0,76.12800000000003,49.16454669051484,21.0
-1,-89.32263867235598,19.01926804629627,55.0,62.88000000000002,26.44263867235596,16.0
-1,-115.88068638277286,19.339732685185112,54.0,61.72800000000003,54.15268638277284,22.0
-1,-82.75911159251405,13.421943351851844,39.0,42.432000000000016,40.32711159251403,20.0
-1,-87.32446294520314,14.55164013425926,45.0,54.81600000000002,32.50846294520312,20.0
-1,-112.65924956523756,23.290790495370295,82.0,79.87200000000004,32.787249565237516,20.0
-1,-106.09044507777486,16.675362518518522,59.0,66.04800000000003,40.04244507777482,21.0
-1,-92.29693222279354,16.89624891203703,51.0,52.32000000000002,39.976932222793515,22.0
-1,-98.23268366255012,14.495334212962943,52.0,61.53600000000003,36.696683662550086,20.0
-1,-97.33988644518513,15.75648140740739,64.0,71.80800000000002,25.5318864451851,14.0
-1,-120.81434570605202,12.510820041666674,59.0,72.38400000000003,48.430345706051995,24.0
-1,-105.57506207215309,20.00432911111106,65.0,73.72800000000004,31.84706207215305,19.0
-1,-91.69025733542568,16.3804006898148,58.0,61.24800000000001,30.44225733542568,15.0
-1,-92.86529497055292,15.357596097222226,46.0,54.62400000000002,38.24129497055291,21.0
-1,-89.25726637064685,13.999401314814818,40.0,45.216000000000015,44.04126637064684,24.0
-1,-97.41366305862118,15.927174351851816,48.0,53.56800000000002,43.84566305862117,23.0
-1,-98.23982476789581,16.686594111111113,48.0,54.33600000000003,43.90382476789579,21.0
-1,-122.18842961443316,18.468552148148092,70.0,75.45600000000003,46.73242961443313,23.0
-1,-99.65146482812703,12.906586240740756,47.0,50.01600000000001,49.63546482812702,25.0
-1,-101.75777505210661,15.119951958333317,53.0,64.89600000000002,36.861775052106594,20.0
-1,-100.48385991759778,17.068051041666656,52.0,55.680000000000014,44.80385991759777,21.0
-1,-110.78352791876202,19.425763175925876,63.0,63.84000000000004,46.94352791876198,22.0
-1,-86.65033813772027,15.53316575462965,39.0,41.18400000000001,45.46633813772026,21.0
-1,-107.49789350161684,15.357649694444447,39.0,41.18400000000001,66.31389350161683,24.0
-1,-84.3475883323676,15.787135671296289,56.0,54.33600000000002,30.011588332367573,18.0
-1,-106.15395073352597,22.10166481481482,74.0,67.48800000000003,38.665950733525946,17.0
-1,-103.80993100909701,14.489256365740752,51.0,50.97600000000002,52.83393100909699,24.0
-1,-98.55913667324015,20.4729299722222,49.0,52.128000000000014,46.43113667324013,21.0
-1,-104.94290880943475,12.700930277777772,54.0,59.616000000000014,45.32690880943474,22.0
-1,-131.37402167233495,17.78319270370365,71.0,75.45600000000003,55.91802167233493,24.0
-1,-86.05249878256177,17.70134424537037,57.0,60.48000000000002,25.572498782561755,18.0
-1,-107.8792017086935,22.834450384259192,64.0,74.20800000000003,33.67120170869347,19.0
-1,-78.40422527830682,9.41080003703705,37.0,40.128000000000014,38.2762252783068,25.0
-1,-97.12063267414214,18.434464143518504,57.0,57.504000000000026,39.616632674142124,23.0
-1,-115.05005660180544,20.77822209259253,63.0,71.04000000000003,44.010056601805395,22.0
-1,-96.21912550955729,16.0522972222222,48.0,57.60000000000002,38.619125509557264,20.0
-1,-114.06205475228774,26.82165644907399,79.0,70.56000000000003,43.50205475228771,19.0
-1,-97.37304368024829,15.15524740277778,50.0,54.33600000000003,43.03704368024825,24.0
-1,-92.6659106383214,16.448990874999982,54.0,57.31200000000002,35.353910638321395,21.0
-1,-113.01986799864221,22.51454199537031,63.0,65.95200000000001,47.0678679986422,18.0
-1,-96.9798053296409,22.59681186111108,55.0,56.44800000000003,40.531805329640875,17.0
-1,-113.85887953102886,18.827722083333256,56.0,68.64000000000003,45.21887953102884,22.0
-1,-97.7563464333964,18.4062767361111,57.0,62.40000000000002,35.35634643339638,19.0
-1,-99.20130535156272,19.972277217592552,59.0,55.96800000000002,43.2333053515627,20.0
-1,-104.07697615463945,15.8172421111111,55.0,60.28800000000003,43.78897615463943,22.0
-1,-92.82093930647127,13.763743439814816,52.0,47.61600000000002,45.20493930647125,25.0
-1,-120.85125079951024,18.970079935185186,67.0,77.95200000000004,42.89925079951019,20.0
-1,-135.14996066735898,17.169373990740723,79.0,87.16800000000005,47.98196066735895,22.0
-1,-98.31211133896178,14.447827157407412,53.0,56.544000000000025,41.76811133896175,25.0
-1,-98.8358335664137,17.66695796296291,51.0,54.33600000000001,44.49983356641369,19.0
-1,-120.38599441252143,20.62120751851845,74.0,74.20800000000003,46.17799441252139,24.0
-1,-104.93677561180245,17.6540842685185,65.0,62.97600000000002,41.960775611802426,23.0
-1,-97.05831985349118,25.34820369444444,65.0,56.640000000000015,40.41831985349118,16.0
-1,-91.79631530722376,12.850859925925922,45.0,53.47200000000002,38.32431530722374,23.0
-1,-115.30052145111608,18.975929374999996,49.0,57.120000000000026,58.180521451116064,20.0
-1,-108.50274677413069,18.96421854166663,66.0,65.66400000000002,42.83874677413067,24.0
-1,-106.41708944101254,15.068067291666685,59.0,53.856000000000016,52.56108944101251,24.0
-1,-93.25233297624729,12.742118796296312,47.0,54.72000000000002,38.53233297624726,21.0
-1,-92.19982094445064,13.17259422685187,47.0,47.13600000000002,45.06382094445062,22.0
-1,-97.52101187662105,15.026242638888867,43.0,49.05600000000002,48.46501187662103,23.0
-1,-109.8695317661476,17.20787200462962,62.0,67.96800000000003,41.90153176614757,20.0
-1,-100.19607685050713,18.27317386111106,61.0,70.17600000000004,30.02007685050708,18.0
-1,-102.24235596764704,10.489132851851856,43.0,50.01600000000001,52.22635596764703,26.0
-1,-102.017428574028,11.478684842592596,37.0,47.424000000000014,54.59342857402798,25.0
-1,-113.00900533254274,18.183445050925933,60.0,66.33600000000004,46.6730053325427,21.0
-1,-111.67360410002848,19.24779787037032,68.0,77.76000000000003,33.91360410002846,18.0
-1,-89.62686408509182,15.537168222222219,51.0,52.03200000000002,37.594864085091814,19.0
-1,-103.96774879237238,15.59011185185184,49.0,59.52000000000001,44.447748792372366,19.0
-1,-100.81287399703007,16.206708379629603,52.0,62.20800000000003,38.60487399703003,22.0
-1,-104.74102773668454,16.797250537037026,62.0,68.64000000000003,36.10102773668452,16.0
-1,-88.54208056574427,14.3836725,53.0,60.86400000000002,27.678080565744256,16.0
-1,-106.8031294657008,16.572768407407423,50.0,52.12800000000002,54.67512946570079,24.0
-1,-108.81956711126438,16.866065509259254,65.0,63.16800000000002,45.65156711126435,20.0
-1,-102.37898387290323,15.904467226851832,52.0,59.23200000000003,43.14698387290321,22.0
-1,-112.87423931981563,20.774976814814764,62.0,68.06400000000004,44.810239319815594,22.0
-1,-100.38402095770886,22.828363324074044,66.0,67.00800000000004,33.376020957708825,16.0
-1,-111.36117823201111,21.076503398148056,68.0,69.98400000000004,41.377178232011076,20.0
-1,-114.91165777288353,17.84580847685182,59.0,63.93600000000003,50.9756577728835,23.0
-1,-104.44862738840139,12.314114370370373,56.0,69.50400000000003,34.94462738840136,21.0
-1,-94.81176028672512,12.419589615740753,46.0,46.08000000000001,48.731760286725105,25.0
-1,-95.34770639020832,14.229102222222224,45.0,52.03200000000001,43.31570639020831,20.0
-1,-109.13637532183223,14.416987875000007,55.0,66.81600000000003,42.3203753218322,24.0
-1,-83.47693927838296,16.842647624999987,51.0,52.32000000000002,31.15693927838293,17.0
-1,-97.65277407924276,14.86001625,55.0,58.17600000000003,39.47677407924272,21.0
-1,-88.08157530515474,19.45268661111112,51.0,49.44000000000001,38.64157530515473,18.0
-1,-101.654911437181,19.1600287962963,49.0,51.26400000000001,50.39091143718099,21.0
-1,-115.37272699573019,17.320000370370316,60.0,66.52800000000003,48.844726995730156,23.0
-1,-129.58134508049238,22.678838472222147,86.0,86.88000000000004,42.701345080492345,20.0
-1,-117.2942481613465,21.3223869953703,70.0,71.80800000000004,45.48624816134646,20.0
-1,-107.96442067675221,15.438530384259256,53.0,65.08800000000002,42.8764206767522,21.0
-1,-98.86623071473986,14.272380708333342,51.0,47.616000000000014,51.250230714739835,23.0
-1,-107.8029586754476,15.496223055555559,64.0,65.47200000000002,42.33095867544758,23.0
-1,-105.25729152285169,19.42453290740736,54.0,64.51200000000003,40.74529152285166,19.0
-1,-84.07990851425005,13.433991375000007,52.0,59.23200000000001,24.847908514250037,17.0
-1,-106.24790843205051,16.808638069444456,47.0,56.352000000000025,49.89590843205048,22.0
-1,-91.54061652439378,12.255398037037027,51.0,57.98400000000003,33.55661652439376,18.0
-1,-117.67421987206272,24.08710988888887,73.0,74.01600000000003,43.65821987206269,19.0
-1,-87.35252355145346,17.431801236111117,57.0,57.21600000000002,30.136523551453443,20.0
-1,-96.21931264547999,15.073333958333327,44.0,49.44000000000001,46.779312645479976,21.0
-1,-121.39201049440706,21.44362662037032,87.0,86.78400000000005,34.60801049440701,19.0
-1,-90.12106171523541,13.415741337962961,44.0,53.568000000000005,36.5530617152354,21.0
-1,-113.42389690216024,22.805394268518445,65.0,68.06400000000004,45.3598969021602,20.0
-1,-112.60980278224804,20.497561893518423,82.0,80.35200000000002,32.25780278224802,19.0
-1,-102.09193873906256,18.037039435185168,52.0,60.00000000000003,42.09193873906253,22.0
-1,-94.77109903502398,18.758464870370368,53.0,60.864000000000026,33.907099035023954,16.0
-1,-105.2514287773391,13.937334347222249,46.0,48.86400000000002,56.38742877733909,24.0
-1,-124.83773025696638,20.08600214814809,69.0,77.08800000000005,47.74973025696632,20.0
-1,-100.0185429316758,16.75455968981482,55.0,58.75200000000003,41.26654293167576,21.0
-1,-84.41950145495537,12.777484208333341,42.0,43.39200000000002,41.02750145495534,20.0
-1,-101.27906902139063,15.898382263888887,61.0,64.70400000000004,36.57506902139059,19.0
-1,-128.12416037193654,16.197561513888868,64.0,81.40800000000004,46.71616037193649,26.0
-1,-124.68956689538112,19.93810423611106,67.0,78.33600000000003,46.35356689538109,20.0
-1,-105.01052501360658,16.487088782407405,62.0,62.016000000000034,42.99452501360655,20.0
-1,-111.71066634596917,20.009674097222206,69.0,70.94400000000002,40.76666634596916,21.0
-1,-100.13497727800888,14.96228736574074,54.0,55.10400000000003,45.03097727800885,23.0
-1,-101.68410139188194,14.503055643518513,60.0,66.62400000000001,35.06010139188192,21.0
-1,-98.78101196065145,13.966898064814819,51.0,51.936000000000014,46.84501196065143,25.0
-1,-109.2503211844723,19.847594013888852,66.0,62.016000000000034,47.234321184472265,21.0
-1,-99.47002320862109,17.02204621759258,70.0,69.88800000000003,29.582023208621045,19.0
-1,-116.30295363095928,14.324653314814823,64.0,64.51200000000001,51.79095363095926,27.0
-1,-88.40448880044744,13.715353254629632,48.0,60.096000000000025,28.30848880044742,19.0
-1,-109.36962561961408,17.03962100925925,55.0,60.57600000000003,48.793625619614055,24.0
-1,-85.96322721025425,17.665525499999998,50.0,51.36000000000002,34.60322721025423,18.0
-1,-117.68989063650001,17.67532475925921,70.0,84.96000000000005,32.72989063649996,17.0
-1,-99.23820073450023,17.0776416111111,53.0,57.696000000000026,41.542200734500206,22.0
-1,-83.10709267608162,18.20648137037036,53.0,55.68000000000003,27.427092676081596,17.0
-1,-96.90435384379553,19.04178386574073,61.0,59.52000000000003,37.3843538437955,20.0
-1,-112.0343816722397,14.400111509259252,81.0,74.88000000000002,37.15438167223969,24.0
-1,-96.67737126986873,17.76035010648148,57.0,61.920000000000016,34.75737126986871,19.0
-1,-101.66220040078821,16.406311967592572,60.0,65.37600000000003,36.28620040078818,21.0
-1,-106.51474962210108,18.822054773148103,52.0,67.10400000000003,39.41074962210105,20.0
-1,-119.54742397996506,23.87551404166667,75.0,77.37600000000003,42.17142397996502,19.0
-1,-96.32887953049283,14.114165273148139,64.0,66.72000000000003,29.608879530492796,18.0
-1,-99.05883633266325,16.420686712962926,52.0,57.888000000000034,41.17083633266322,24.0
-1,-89.93692101213136,20.881881365740707,57.0,51.93600000000002,38.00092101213135,18.0
-1,-89.3774961567542,14.293556134259244,49.0,62.59200000000003,26.78549615675418,18.0
-1,-94.17599056432039,12.44120133796299,43.0,45.408000000000015,48.767990564320364,25.0
-1,-117.60500845499595,19.793637249999975,68.0,70.84800000000004,46.757008454995905,20.0
-1,-102.9484411274952,17.634056643518488,66.0,65.37600000000002,37.57244112749518,19.0
-1,-88.83032195854346,20.164981282407417,51.0,51.744000000000014,37.08632195854346,17.0
-1,-109.59641157805721,19.75887886574068,63.0,62.68800000000002,46.9084115780572,23.0
-1,-107.68810586995973,16.563046421296285,73.0,69.888,37.80010586995972,23.0
-1,-90.29091191354614,21.28812093981481,60.0,59.04000000000003,31.250911913546116,15.0
-1,-102.07030797433596,22.761901500000008,73.0,74.40000000000003,27.670307974335923,15.0
-1,-106.91680515466277,12.576784638888908,47.0,54.81600000000002,52.10080515466275,25.0
-1,-83.2980551609729,15.956025217592593,48.0,50.304000000000016,32.994055160972884,20.0
-1,-102.76689229341054,14.891775472222214,55.0,58.17600000000003,44.5908922934105,23.0
-1,-80.91212151463392,19.480686449074057,52.0,56.25600000000003,24.65612151463389,16.0
-1,-79.88344059538412,15.402820226851844,52.0,51.264000000000024,28.61944059538409,18.0
-1,-91.51749905404407,17.481672694444445,55.0,51.74400000000002,39.77349905404405,21.0
-1,-119.49774148426843,17.171250546296253,80.0,85.92000000000004,33.57774148426838,18.0
-1,-115.75937442012942,18.796813870370304,73.0,76.41600000000005,39.343374420129365,23.0
-1,-92.03269474307066,16.35124048148148,48.0,52.03200000000001,40.00069474307065,21.0
-1,-100.69958184108248,23.435538541666595,67.0,68.44800000000004,32.25158184108244,19.0
-1,-94.88448912522833,13.276131379629609,53.0,54.432000000000016,40.45248912522831,25.0
-1,-124.76534163480216,23.43821216203699,78.0,81.12000000000005,43.6453416348021,19.0
-1,-112.67502606589505,18.82056203240736,63.0,77.08800000000004,35.58702606589501,19.0
-1,-105.05215375148839,18.69942965740737,70.0,69.40800000000004,35.64415375148835,20.0
-1,-90.75719947229253,27.403174986111093,70.0,68.73600000000002,22.02119947229251,13.0
-1,-103.35180685717438,19.2550458611111,73.0,69.79200000000003,33.559806857174344,20.0
-1,-110.20439077687132,20.854563412037002,67.0,72.96000000000004,37.244390776871285,18.0
-1,-121.47190287257278,18.652889814814777,75.0,78.24000000000002,43.23190287257276,22.0
-1,-106.5462502928859,13.312354162037039,51.0,56.64000000000003,49.90625029288587,24.0
-1,-103.25248664695725,19.620118212962932,66.0,75.84000000000005,27.412486646957202,15.0
-1,-87.29679865603939,18.335302689814814,50.0,47.328000000000024,39.968798656039354,18.0
-1,-91.58584670572986,16.777982060185177,65.0,66.91200000000002,24.67384670572985,15.0
-1,-117.14436858380623,18.123810208333293,62.0,75.74400000000004,41.400368583806184,21.0
-1,-103.63335252289184,25.596942273148134,64.0,73.72800000000004,29.905352522891796,13.0
-1,-97.39172489620034,18.54889475,60.0,61.63200000000002,35.75972489620032,18.0
-1,-108.3293823601021,16.227546921296305,58.0,55.68000000000002,52.649382360102074,23.0
-1,-106.32339161664115,14.22960301388886,55.0,69.40800000000003,36.915391616641124,22.0
-1,-99.93017203756042,21.259438921296283,64.0,63.45600000000004,36.474172037560386,18.0
-1,-97.84969050162206,18.98795284259259,59.0,68.25600000000003,29.59369050162203,18.0
-1,-120.01662692931069,16.634116796296265,64.0,78.81600000000003,41.20062692931065,22.0
-1,-118.23005925714764,24.13077222222214,75.0,74.97600000000003,43.254059257147624,21.0
-1,-115.08277088179217,15.410999592592566,75.0,76.22400000000003,38.85877088179214,23.0
-1,-79.25873261541904,19.981782990740697,47.0,44.73600000000002,34.522732615419024,18.0
-1,-94.49853250969718,16.66713227314815,49.0,48.09600000000002,46.402532509697174,22.0
-1,-79.34601967766997,15.132802541666646,44.0,47.13600000000001,32.210019677669955,18.0
-1,-94.07962982195875,13.998100750000011,49.0,46.94400000000002,47.13562982195874,25.0
-1,-91.40142415039752,13.918880398148147,50.0,62.97600000000003,28.425424150397486,16.0
-1,-102.92426230304812,13.59638771296295,53.0,63.74400000000003,39.1802623030481,19.0
-1,-84.78794870924436,16.793862787036986,60.0,62.68800000000003,22.099948709244334,15.0
-1,-110.09552766228447,19.03758831481475,76.0,80.92800000000004,29.167527662284428,17.0
-1,-105.2558823555076,19.069712388888874,62.0,69.12000000000003,36.13588235550756,17.0
-1,-89.89498141915644,16.273463499999984,47.0,57.504000000000026,32.39098141915642,17.0
-1,-115.7416192602202,19.100762518518472,62.0,68.25600000000004,47.48561926022016,20.0
-1,-121.51371900615692,17.475623499999983,58.0,68.64000000000003,52.87371900615689,27.0
-1,-93.60040434756954,12.589876393518512,51.0,52.89600000000002,40.70440434756951,23.0
-1,-90.28122006281075,18.561760310185164,56.0,54.624000000000024,35.657220062810715,19.0
-1,-102.40024478985208,16.0351624583333,62.0,65.18400000000003,37.21624478985206,23.0
-1,-103.64412908691162,17.069241578703704,59.0,72.09600000000003,31.548129086911583,17.0
-1,-98.10559370275743,17.0869603009259,69.0,74.40000000000002,23.705593702757405,17.0
-1,-98.11381505536961,9.595306041666673,51.0,59.904000000000025,38.20981505536959,24.0
-1,-105.33828369342145,21.598943629629566,74.0,71.42400000000002,33.914283693421424,20.0
-1,-94.79817766159299,14.144148597222218,63.0,65.95200000000003,28.84617766159296,17.0
-1,-116.93918582280939,22.755876884259216,81.0,76.70400000000004,40.235185822809356,19.0
-1,-97.16139549631713,19.628017236111084,70.0,79.10400000000001,18.057395496317113,11.0
-1,-74.99342062213037,14.313898981481493,49.0,50.01600000000002,24.977420622130346,16.0
-1,-119.47519923489565,19.096528689814804,65.0,65.85600000000004,53.61919923489562,20.0
-1,-107.11043952861269,19.9860121759259,74.0,68.06400000000002,39.046439528612666,20.0
-1,-92.84770835699416,20.538287893518476,63.0,63.55200000000003,29.295708356994133,18.0
-1,-96.38448981869345,19.608317013888865,52.0,54.048000000000016,42.33648981869343,18.0
-1,-95.82790821765391,19.562608574074037,59.0,59.136000000000024,36.69190821765388,19.0
-1,-112.08020422262967,18.989478995370344,71.0,70.17600000000003,41.90420422262964,20.0
-1,-96.21562671179363,15.676330226851835,62.0,74.78400000000003,21.431626711793594,12.0
-1,-100.59886937347746,14.579828643518507,66.0,74.78400000000003,25.81486937347742,18.0
-1,-107.8114036572598,18.321708037037002,60.0,69.02400000000003,38.787403657259766,22.0
-1,-97.14327345308084,18.45526070833329,69.0,62.784000000000034,34.3592734530808,19.0
-1,-86.54302099430329,15.38085406018517,53.0,54.52800000000002,32.01502099430327,18.0
-1,-121.86802825803497,16.541976800925905,82.0,84.67200000000004,37.19602825803493,22.0
-1,-105.50378979872883,18.557210416666646,75.0,79.29600000000003,26.207789798728804,16.0
-1,-111.69685789202342,21.327378379629607,71.0,76.32000000000004,35.376857892023374,18.0
-1,-90.2881200729398,14.990578430555567,54.0,62.78400000000003,27.50412007293978,18.0
-1,-97.30361068105732,16.391248861111098,57.0,57.69600000000002,39.6076106810573,20.0
-1,-89.92000594944398,22.422167458333345,51.0,47.04000000000002,42.88000594944395,19.0
-1,-91.08343149277115,19.466143800925906,63.0,55.10400000000001,35.97943149277114,17.0
-1,-94.50313772121301,13.975390638888866,65.0,69.50400000000002,24.999137721212985,19.0
-1,-108.30434421688051,16.469948620370342,62.0,71.13600000000004,37.16834421688048,17.0
-1,-105.02120057699196,19.482396777777744,52.0,58.27200000000002,46.749200576991946,19.0
-1,-113.16053929898499,17.334144699074027,61.0,67.58400000000003,45.57653929898496,24.0
-1,-96.97109111154121,20.541451583333288,67.0,71.71200000000005,25.25909111154117,16.0
-1,-112.77540424211476,20.295157574074075,87.0,84.86400000000002,27.911404242114745,15.0
-1,-89.84420879022419,15.635580884259262,66.0,65.08800000000002,24.75620879022416,16.0
-1,-112.18444120193544,22.646971856481407,73.0,74.11200000000002,38.07244120193542,21.0
-1,-115.59456066865903,17.27029418518513,71.0,94.56000000000003,21.034560668658994,14.0
-1,-88.37675301838141,16.95803270370371,51.0,57.02400000000003,31.35275301838137,17.0
-1,-108.25937930129466,14.471086648148136,53.0,66.91200000000002,41.34737930129464,22.0
-1,-117.10392479628938,24.169002972222177,71.0,73.53600000000003,43.56792479628935,18.0
-1,-109.18499871172476,17.026083129629626,71.0,74.20800000000004,34.97699871172472,21.0
-1,-99.89486939238483,17.532109527777788,63.0,61.632000000000005,38.262869392384836,18.0
-1,-97.87863015109815,17.889875935185167,60.0,64.99200000000003,32.88663015109811,20.0
-1,-117.58557516741472,15.402600685185192,68.0,68.83200000000004,48.75357516741468,25.0
-1,-89.69254547383929,13.595972287037046,51.0,50.40000000000001,39.292545473839276,23.0
-1,-105.04333507722944,24.106964773148103,63.0,67.68000000000004,37.363335077229415,18.0
-1,-87.2040782874298,15.970620907407396,52.0,46.75200000000002,40.45207828742978,20.0
-1,-102.8751580221623,19.994651791666637,66.0,73.44000000000004,29.43515802216226,15.0
-1,-84.78849242556731,16.412786347222223,51.0,54.14400000000002,30.644492425567293,18.0
-1,-97.23820083786944,16.62563343981481,58.0,61.63200000000002,35.60620083786942,20.0
-1,-88.08228601084065,14.795631782407428,42.0,44.448000000000015,43.634286010840626,21.0
-1,-82.59475855249474,12.600685907407406,43.0,53.184000000000026,29.410758552494713,20.0
-1,-97.85163156405648,17.045239143518497,55.0,65.47200000000002,32.37963156405646,19.0
-1,-115.14810193242621,16.159453560185145,59.0,71.71200000000003,43.43610193242619,22.0
-1,-76.08275691250446,16.729730800925918,60.0,52.320000000000014,23.762756912504457,17.0
-1,-102.14410122709012,18.435947981481444,52.0,55.00800000000003,47.136101227090094,19.0
-1,-103.42116252702812,18.4000283333333,57.0,64.51200000000001,38.90916252702811,20.0
-1,-89.01280785192293,18.33796414814816,47.0,47.424000000000014,41.58880785192291,19.0
-1,-103.05920934590573,14.551469166666674,56.0,67.00800000000002,36.051209345905704,21.0
-1,-103.83753021234612,13.822578513888871,63.0,73.34400000000005,30.493530212346077,20.0
-1,-119.52584640855062,21.03512781481472,75.0,73.05600000000003,46.46984640855059,21.0
-1,-100.39688398183065,18.30195878240741,73.0,71.80800000000004,28.588883981830623,17.0
-1,-104.40421584485964,16.828255564814796,53.0,55.10400000000002,49.30021584485962,21.0
-1,-89.41499704765428,11.451551018518517,47.0,60.96000000000002,28.454997047654253,19.0
-1,-99.24819560213528,24.533187856481412,85.0,85.15200000000003,14.096195602135255,10.0
-1,-90.09693859209993,20.650544513888875,58.0,59.71200000000003,30.3849385920999,16.0
-1,-115.96984036930354,13.78025158796298,61.0,76.41600000000004,39.5538403693035,23.0
-1,-105.65362505946845,17.945842833333305,56.0,60.19200000000003,45.46162505946843,18.0
-1,-65.33941880426781,15.732133537037035,43.0,43.00800000000002,22.331418804267784,15.0
-1,-88.8348242947727,14.795402356481501,47.0,54.33600000000003,34.498824294772675,18.0
-1,-98.48258064875691,16.506809037037034,53.0,60.864000000000026,37.618580648756875,20.0
-1,-91.89403392353161,22.903670129629596,61.0,57.98400000000002,33.910033923531586,16.0
-1,-96.6297215281389,17.029084462962945,58.0,60.19200000000003,36.437721528138866,19.0
-1,-103.47333779442525,17.345395666666658,60.0,65.28000000000003,38.193337794425226,20.0
-1,-92.96588934228245,11.353365879629637,56.0,63.55200000000003,29.413889342282424,16.0
-1,-97.03482892773704,17.578686671296268,72.0,68.54400000000003,28.490828927737017,17.0
-1,-90.18176981915649,16.994631212962936,58.0,64.22400000000003,25.95776981915645,17.0
-1,-109.64224039372957,22.94348924074068,72.0,79.96800000000005,29.67424039372952,17.0
-1,-101.02080704460377,15.597245453703689,59.0,65.08800000000004,35.932807044603734,22.0
-1,-98.53441491527903,17.42242624537034,55.0,64.99200000000002,33.54241491527901,18.0
-1,-88.55369001055669,15.042287189814813,41.0,45.50400000000002,43.049690010556674,22.0
-1,-91.81148813546014,10.716930324074095,32.0,41.664,50.14748813546013,21.0
-1,-119.47445551960362,15.541130296296286,67.0,83.13600000000002,36.33845551960359,21.0
-1,-95.00153244297094,14.632942092592616,66.0,68.16000000000004,26.841532442970898,16.0
-1,-98.35067371567962,10.102430138888902,41.0,49.63200000000002,48.71867371567959,22.0
-1,-93.26921689084605,13.615866893518534,42.0,45.69600000000002,47.57321689084603,22.0
-1,-103.24207339006554,18.42660730092589,70.0,72.28800000000005,30.95407339006548,17.0
-1,-101.7378219550229,16.713988837962955,55.0,61.72800000000003,40.00982195502286,19.0
-1,-105.34847707575405,19.645642388888827,66.0,66.72000000000003,38.62847707575402,21.0
-1,-106.00911306734065,13.71777918518519,51.0,61.05600000000003,44.953113067340624,23.0
-1,-104.25533347502139,22.584030634259218,70.0,76.60800000000003,27.647333475021355,15.0
-1,-80.43975561539193,12.635837064814828,37.0,43.96800000000001,36.47175561539191,21.0
-1,-97.05315840921664,19.219726138888866,62.0,58.27200000000001,38.78115840921662,22.0
-1,-93.63524701781446,18.802909291666634,56.0,57.79200000000002,35.843247017814434,20.0
-1,-92.86843217107551,19.147654152777747,52.0,54.816000000000024,38.05243217107549,18.0
-1,-97.6571120168797,13.299642805555566,54.0,53.856000000000016,43.801112016879685,23.0
-1,-109.99482603009236,17.63597199074073,54.0,63.64800000000003,46.34682603009233,22.0
-1,-121.99738255081377,15.39460899074074,57.0,62.59200000000004,59.40538255081373,23.0
-1,-90.44782534762908,16.149948763888876,44.0,55.00800000000002,35.43982534762905,18.0
-1,-92.88259261641687,11.427027546296305,34.0,40.32000000000001,52.562592616416865,25.0
-1,-101.90328856868703,16.244248986111117,43.0,47.42400000000002,54.479288568687004,21.0
-1,-123.94417777801445,13.745637958333344,70.0,76.51200000000004,47.4321777780144,26.0
-1,-113.19549827612096,21.750208472222177,78.0,74.30400000000002,38.89149827612095,21.0
-1,-77.66664863452561,19.385307254629634,43.0,37.72800000000001,39.938648634525606,19.0
-1,-98.51719216179652,17.09747061574075,52.0,57.31200000000002,41.2051921617965,17.0
-1,-108.76261901737092,15.313142893518531,55.0,51.840000000000025,56.922619017370906,24.0
-1,-97.63588708562706,14.986105273148159,42.0,47.040000000000006,50.595887085627055,22.0
-1,-95.60064496535465,17.276293972222216,64.0,53.47200000000003,42.12864496535462,22.0
-1,-94.342479999794,12.84848642129629,48.0,61.15200000000003,33.190479999793965,21.0
-1,-112.3577248520782,19.380316185185148,63.0,71.04000000000003,41.31772485207818,19.0
-1,-95.6691131050086,15.809691754629654,49.0,49.15200000000001,46.5171131050086,21.0
-1,-106.33533340266479,15.593709027777766,56.0,68.44800000000004,37.88733340266475,22.0
-1,-107.48821765687214,17.190970111111078,78.0,79.20000000000003,28.288217656872114,18.0
-1,-105.18029355405389,25.112957513888887,69.0,72.19200000000005,32.98829355405385,16.0
-1,-100.57997959016606,15.624850185185169,50.0,58.75200000000003,41.82797959016603,20.0
-1,-107.1172798560452,20.30085523148145,63.0,60.48000000000003,46.637279856045176,20.0
-1,-100.63485639358319,17.984969541666647,76.0,72.86400000000002,27.770856393583166,18.0
-1,-131.88997725541148,16.419492791666656,83.0,91.96800000000005,39.921977255411434,22.0
-1,-127.96340944949992,17.12590984259259,79.0,88.51200000000003,39.451409449499884,21.0
-1,-96.43859060634884,19.21211415740738,75.0,67.10400000000003,29.33459060634881,17.0
-1,-110.4175709527672,21.687997467592513,72.0,73.15200000000003,37.26557095276718,21.0
-1,-87.72129755940298,18.2033796712963,62.0,60.96000000000002,26.76129755940296,17.0
-1,-60.71594698053454,14.817473046296298,46.0,42.528000000000006,18.187946980534534,12.0
-1,-100.08091930756531,18.638989402777774,64.0,70.75200000000001,29.3289193075653,18.0
-1,-80.47235291738241,16.281403324074056,63.0,58.752000000000024,21.72035291738238,17.0
-1,-84.32070363318184,11.772786745370377,46.0,51.648000000000025,32.67270363318181,20.0
-1,-78.9671196378217,11.990011444444422,58.0,59.71200000000004,19.255119637821657,14.0
-1,-126.12377916645332,20.08265468981476,83.0,85.63200000000005,40.49177916645326,21.0
-1,-103.50716785103657,20.528583189814757,64.0,65.95200000000003,37.55516785103654,19.0
-1,-104.00340271225159,21.784087819444416,57.0,62.11200000000002,41.89140271225157,17.0
-1,-91.1665277247588,17.21012118518516,53.0,55.77600000000002,35.39052772475877,21.0
-1,-100.2414324387357,18.654346828703694,54.0,57.120000000000026,43.12143243873568,20.0
-1,-90.64356406016333,17.013888296296294,51.0,58.36800000000002,32.2755640601633,19.0
-1,-95.27800308610358,18.003965879629607,60.0,61.15200000000003,34.12600308610355,19.0
-1,-116.45616146534043,13.935123944444449,56.0,60.96000000000003,55.4961614653404,25.0
-1,-94.84677082199823,18.076063064814793,56.0,59.32800000000002,35.51877082199821,20.0
-1,-104.46208958175595,19.584470787037002,60.0,64.80000000000003,39.66208958175593,18.0
-1,-95.97172068917709,21.282388749999967,61.0,63.26400000000001,32.70772068917708,17.0
-1,-83.22903180078958,14.035127648148144,42.0,47.13600000000002,36.09303180078957,18.0
-1,-93.08045108719222,13.701821263888904,53.0,63.26400000000003,29.816451087192178,18.0
-1,-92.58856487222062,14.829412032407413,50.0,56.73600000000002,35.8525648722206,20.0
-1,-106.61528803121924,12.32329144444444,61.0,72.00000000000003,34.61528803121921,21.0
-1,-81.91831993047902,12.758532981481482,45.0,52.60800000000002,29.310319930479,19.0
-1,-117.026599187605,24.09703184259255,79.0,85.44000000000005,31.586599187604946,17.0
-1,-101.79653260959641,15.626677324074057,50.0,58.84800000000003,42.948532609596384,22.0
-1,-92.5326328231177,16.180689939814826,51.0,58.46400000000002,34.068632823117674,17.0
-1,-98.29976119242679,17.918290898148115,66.0,72.00000000000003,26.299761192426757,13.0
-1,-96.76216958406665,24.759503574074,79.0,74.20800000000003,22.55416958406663,14.0
-1,-91.30058772258735,17.791717231481467,56.0,57.31200000000003,33.98858772258731,19.0
-1,-89.23955177014497,18.097929226851832,54.0,50.01600000000002,39.22355177014495,19.0
-1,-107.86932264891126,16.773548680555542,60.0,62.88000000000003,44.98932264891123,22.0
-1,-108.43386598399275,19.842607569444354,67.0,70.46400000000003,37.969865983992726,21.0
-1,-103.48692292793444,16.63088256018516,67.0,68.64000000000003,34.84692292793442,23.0
-1,-113.10443290216122,18.67249083796289,78.0,82.84800000000004,30.256432902161173,19.0
-1,-113.52929794030202,18.467776939814776,64.0,64.12800000000003,49.40129794030199,21.0
-1,-111.55251015656168,16.778486587962917,63.0,79.20000000000003,32.35251015656164,18.0
-1,-92.28413971788379,16.699674824074066,42.0,46.75200000000002,45.532139717883766,20.0
-1,-113.07010116235193,17.512714907407357,80.0,85.15200000000003,27.9181011623519,18.0
-1,-113.93510723459435,16.995479962962946,64.0,70.56000000000003,43.375107234594324,21.0
-1,-111.16804209141225,14.793948560185175,66.0,74.49600000000004,36.672042091412216,24.0
-1,-89.65445091795127,17.077302824074064,52.0,57.600000000000016,32.05445091795124,18.0
-1,-87.4940451245761,14.669060976851847,52.0,55.200000000000024,32.29404512457609,21.0
-1,-86.1274097623878,15.61456126851852,45.0,46.84800000000002,39.27940976238777,21.0
-1,-92.47234786997164,16.86114262962962,51.0,56.16000000000002,36.312347869971624,20.0
-1,-82.50328774711653,10.759223958333346,45.0,48.096000000000025,34.407287747116506,22.0
-1,-105.11024333222473,19.76793797685181,66.0,71.52000000000004,33.59024333222469,19.0
-1,-87.6122801301226,18.74165616666664,52.0,61.82400000000003,25.788280130122573,15.0
-1,-94.64637513535095,13.288562083333334,52.0,52.89600000000003,41.75037513535093,24.0
-1,-108.19602640097898,16.159258717592568,73.0,74.40000000000003,33.79602640097895,22.0
-1,-98.4876234764745,13.420902087962974,55.0,56.64000000000003,41.84762347647447,23.0
-1,-79.0158382158611,22.269570342592548,58.0,47.90400000000002,31.111838215861084,14.0
-1,-97.17751352676387,16.659674550925917,55.0,51.936000000000014,45.24151352676386,21.0
-1,-103.14491430141295,17.086601365740705,60.0,72.19200000000002,30.95291430141293,20.0
-1,-92.11633911875256,13.982223833333324,50.0,58.272000000000034,33.84433911875253,18.0
-1,-109.9723229192353,16.288778412037008,60.0,72.96000000000002,37.012322919235274,23.0
-1,-106.07399661807798,13.273149226851837,52.0,63.74400000000003,42.32999661807796,25.0
-1,-92.84749638716971,16.158101435185188,49.0,53.664000000000016,39.183496387169704,20.0
-1,-103.31113851938122,15.409919912037031,69.0,71.61600000000001,31.695138519381203,20.0
-1,-94.49973248631258,15.463938518518528,59.0,60.960000000000015,33.53973248631256,20.0
-1,-94.98008913691714,13.209992208333356,44.0,50.112000000000016,44.868089136917135,25.0
-1,-103.90462799422399,17.613614819444432,73.0,71.80800000000004,32.09662799422395,20.0
-1,-86.4337547994716,14.547360425925948,59.0,58.176000000000016,28.257754799471588,18.0
-1,-93.76926452210856,18.059338851851823,50.0,52.22400000000002,41.545264522108546,19.0
-1,-94.43818157412451,12.453920027777787,41.0,49.72800000000002,44.7101815741245,23.0
-1,-109.87346107354182,19.252077481481468,74.0,79.00800000000004,30.86546107354178,18.0
-1,-114.2371453374532,20.385255365740694,69.0,77.66400000000003,36.57314533745317,20.0
-1,-94.73529853471544,18.18980606018514,49.0,52.608000000000025,42.127298534715415,20.0
-1,-109.00426253625653,20.74731775925919,59.0,84.76800000000004,24.236262536256497,16.0
-1,-96.03762746178448,13.949822805555543,64.0,69.40800000000002,26.629627461784466,18.0
-1,-87.33087348910911,16.819997166666678,41.0,42.720000000000006,44.61087348910911,19.0
-1,-92.6857603487698,23.535135782407338,59.0,57.024000000000036,35.661760348769775,16.0
-1,-93.80269836545135,15.828975907407417,49.0,53.280000000000015,40.52269836545133,22.0
-1,-120.70601918853025,17.862182800925876,75.0,91.10400000000004,29.602019188530207,15.0
-1,-92.35818131495088,16.497688393518523,62.0,61.34400000000003,31.014181314950847,20.0
-1,-116.57142924154526,18.332236023148127,68.0,74.49600000000005,42.07542924154521,20.0
-1,-90.68863359192471,12.585784703703718,54.0,51.16800000000001,39.52063359192469,24.0
-1,-122.38745572816853,20.747158638888827,68.0,68.44800000000004,53.9394557281685,22.0
-1,-84.63776867862708,15.839301444444429,51.0,47.61600000000002,37.021768678627055,21.0
-1,-87.11436442489179,14.326465717592603,46.0,44.544000000000004,42.570364424891785,22.0
-1,-106.55750332052227,17.645987152777757,58.0,60.28800000000004,46.26950332052224,20.0
-1,-114.54729602056557,16.649740856481483,69.0,67.87200000000003,46.67529602056554,25.0
-1,-102.12846873038089,13.36936702314814,56.0,65.18400000000003,36.94446873038087,22.0
-1,-122.08833941696679,18.093151745370314,70.0,81.50400000000003,40.58433941696675,24.0
-1,-112.49153757778218,18.88958538888886,62.0,66.04800000000003,46.44353757778215,18.0
-1,-128.0449084124985,17.396254393518525,60.0,70.08000000000003,57.96490841249848,22.0
-1,-103.06449893831899,12.961320592592603,55.0,63.264000000000024,39.800498938318974,22.0
-1,-106.1984505692341,14.769372861111115,62.0,70.36800000000004,35.83045056923405,17.0
-1,-133.41958489125693,20.83295415740736,80.0,88.22400000000005,45.19558489125688,20.0
-1,-104.99260665896463,19.37194548611109,72.0,71.80800000000005,33.18460665896458,18.0
-1,-92.55570229640921,18.615409680555512,67.0,69.02400000000004,23.531702296409165,14.0
-1,-96.50068727909529,17.40331952777774,62.0,62.97600000000002,33.52468727909527,22.0
-1,-100.65601009667759,15.343263342592591,51.0,55.00800000000002,45.648010096677574,21.0
-1,-103.03850091566282,24.38063342129628,86.0,81.12000000000003,21.918500915662793,13.0
-1,-89.1750405107918,15.623461944444443,55.0,55.10400000000002,34.07104051079179,19.0
-1,-105.14020044550719,15.863191277777778,55.0,65.28000000000003,39.86020044550717,21.0
-1,-102.05928925507996,17.043586393518485,50.0,62.20800000000003,39.85128925507994,19.0
-1,-112.53822728408737,13.938459787037038,51.0,59.13600000000003,53.40222728408734,24.0
-1,-105.72172925247213,16.2292280601852,62.0,71.04000000000003,34.681729252472095,18.0
-1,-92.07250570007429,17.98111178240739,50.0,56.256000000000014,35.816505700074266,20.0
-1,-115.5811050732676,21.110571990740652,74.0,79.87200000000004,35.70910507326756,19.0
-1,-104.73620724971028,18.780288449074046,63.0,64.41600000000003,40.32020724971024,20.0
-1,-104.73705067939531,15.419568111111113,63.0,69.31200000000003,35.425050679395284,19.0
-1,-103.5699456855488,25.74503036574065,71.0,73.44000000000003,30.129945685548776,16.0
-1,-102.77747413483166,11.540346282407409,56.0,68.25600000000003,34.52147413483164,20.0
-1,-114.50997925064709,15.965655097222193,70.0,74.01600000000002,40.493979250647065,25.0
-1,-121.79160598374582,10.599799333333362,57.0,73.34400000000004,48.44760598374579,25.0
-1,-96.78363672379668,11.61910456944445,42.0,47.808,48.975636723796676,23.0
-1,-99.40947551693209,19.140773620370354,54.0,55.48800000000003,43.92147551693206,19.0
-1,-113.19171304811358,17.476257402777765,62.0,65.95200000000004,47.23971304811354,22.0
-1,-94.81092688631682,17.020911981481483,54.0,58.94400000000003,35.86692688631679,18.0
-1,-100.63722394848884,14.224093499999999,64.0,73.05600000000001,27.58122394848882,19.0
-1,-90.38996804112887,14.724778185185187,62.0,59.136000000000024,31.25396804112885,20.0
-1,-96.82509094176432,15.245046185185174,53.0,59.90400000000002,36.9210909417643,22.0
-1,-91.53877729186061,14.935482944444445,45.0,50.59200000000001,40.94677729186059,21.0
-1,-101.984181493757,14.454108851851869,58.0,61.72800000000003,40.25618149375697,22.0
-1,-104.92423063866109,16.584269916666656,58.0,63.552000000000035,41.37223063866105,21.0
-1,-104.5537169053008,17.54736493981481,77.0,72.96000000000004,31.59371690530077,19.0
-1,-130.3409903654069,23.359789060185125,75.0,85.72800000000004,44.612990365406866,19.0
-1,-115.31335800057342,18.097260615740716,72.0,73.82400000000004,41.489358000573375,22.0
-1,-106.56992264183586,22.57619012037031,62.0,72.48000000000005,34.08992264183581,18.0
-1,-119.88963714227594,19.120467236111068,58.0,62.30400000000002,57.58563714227592,23.0
-1,-98.01475493053847,18.18509621296294,54.0,56.73600000000003,41.27875493053844,19.0
-1,-102.55298431671282,19.286657592592547,58.0,56.640000000000015,45.91298431671281,20.0
-1,-95.67461426063296,13.413319541666661,39.0,53.85600000000002,41.81861426063294,19.0
-1,-121.92648467775132,18.889736527777757,73.0,89.18400000000003,32.742484677751285,18.0
-1,-113.38395741106189,18.804006356481448,79.0,71.90400000000001,41.47995741106188,23.0
-1,-94.4476360058737,15.865887393518499,48.0,58.560000000000024,35.887636005873674,18.0
-1,-93.95478486609994,15.836756365740737,51.0,52.51200000000002,41.44278486609992,22.0
-1,-127.35725803198983,21.660663185185115,73.0,82.84800000000004,44.509258031989795,21.0
-1,-108.61475835670288,15.742036925925891,68.0,72.96000000000004,35.65475835670285,25.0
-1,-94.67813704393649,15.981326814814805,52.0,55.584000000000024,39.09413704393647,20.0
-1,-103.99484679141955,18.84152851851846,59.0,69.88800000000002,34.10684679141952,20.0
-1,-94.45277800931208,16.90877302777775,50.0,62.20800000000002,32.24477800931207,16.0
-1,-110.51051618669436,14.8172726759259,54.0,62.97600000000003,47.53451618669434,24.0
-1,-101.5235723380055,14.067968925925914,50.0,58.84800000000001,42.67557233800549,24.0
-1,-96.11361834758458,18.54801457870366,53.0,63.45600000000003,32.65761834758455,19.0
-1,-94.56782808626217,17.550198282407383,58.0,67.48800000000001,27.079828086262154,16.0
-1,-113.54893988977575,22.107387018518455,74.0,76.99200000000005,36.556939889775705,20.0
-1,-109.47288551768771,16.232277444444428,67.0,72.76800000000004,36.70488551768767,19.0
-1,-101.00627256761769,19.034961115740728,68.0,68.64000000000003,32.36627256761765,18.0
-1,-94.46017019078121,14.263621736111105,49.0,64.32000000000004,30.140170190781173,19.0
-1,-117.995883310358,17.58779388425924,70.0,79.00800000000004,38.98788331035796,23.0
-1,-123.99901100539803,14.1123618425926,58.0,61.92000000000004,62.079011005397994,27.0
-1,-86.97446983822596,13.708008249999994,54.0,59.04000000000003,27.934469838225922,20.0
-1,-122.00171326614742,16.295270624999983,64.0,84.86400000000003,37.13771326614739,22.0
-1,-97.89436491748361,15.876930907407424,53.0,65.66400000000003,32.230364917483584,20.0
-1,-98.17493201761141,15.987455129629618,57.0,59.520000000000024,38.65493201761138,20.0
-1,-100.17013981870278,20.06538223611109,53.0,58.75200000000003,41.41813981870274,18.0
-1,-89.77687683561099,13.98840544907408,54.0,59.040000000000035,30.73687683561096,18.0
-1,-127.09888112613757,16.201700018518487,76.0,83.71200000000002,43.386881126137546,24.0
-1,-84.82746513378102,14.149128541666656,52.0,60.96000000000003,23.867465133780993,15.0
-1,-119.68644630182072,19.57819234722218,69.0,73.05600000000004,46.63044630182068,23.0
-1,-128.9433230381228,18.825200240740678,80.0,86.49600000000004,42.447323038122775,22.0
-1,-105.80509164602718,14.653256111111094,74.0,74.88000000000004,30.92509164602714,20.0
-1,-96.56612514736094,13.436219134259266,44.0,50.01600000000002,46.55012514736091,25.0
-1,-107.19254541083762,15.07348800925925,54.0,66.24000000000002,40.95254541083761,23.0
-1,-92.36534764185292,18.12354717129628,63.0,57.79200000000002,34.5733476418529,23.0
-1,-77.22447130974143,16.04605329629628,41.0,49.92000000000001,27.304471309741416,17.0
-1,-87.74925602461607,15.818659398148128,50.0,54.24000000000002,33.50925602461605,17.0
-1,-79.64518942875264,12.909343189814823,43.0,48.576000000000015,31.069189428752633,19.0
-1,-92.70542880080022,15.515362787037024,53.0,55.29600000000003,37.40942880080019,21.0
-1,-122.85319818996085,21.038557787036954,69.0,78.72000000000003,44.13319818996082,25.0
-1,-86.86508557378201,15.964606726851864,52.0,62.304000000000016,24.561085573781988,17.0
-1,-94.18362259282819,16.893325467592575,53.0,58.944000000000024,35.23962259282816,19.0
-1,-94.43406071140483,12.592026976851871,44.0,48.48000000000002,45.95406071140481,23.0
-1,-94.41050615905698,19.024756560185143,53.0,54.240000000000016,40.17050615905696,21.0
-1,-91.82833935406362,15.8927004675926,57.0,62.40000000000003,29.42833935406359,16.0
-1,-97.89866585608485,16.88389822685184,54.0,54.43200000000003,43.46666585608481,21.0
-1,-92.55866291218624,13.878725736111107,44.0,53.664000000000016,38.89466291218622,22.0
-1,-106.2205215186386,15.98969941203703,66.0,70.94400000000003,35.27652151863858,23.0
-1,-99.2884131300793,21.896838555555515,54.0,62.49600000000002,36.792413130079275,16.0
-1,-95.6407761715498,19.99285061111109,57.0,58.94400000000002,36.696776171549786,18.0
-1,-81.47622314978962,17.888056541666646,52.0,53.37600000000002,28.1002231497896,16.0
-1,-103.76786516320186,18.571758902777752,60.0,63.36000000000003,40.407865163201826,21.0
-1,-90.9287049427282,17.019148916666655,54.0,60.96000000000003,29.968704942728177,17.0
-1,-119.7704355762659,16.98412438425921,62.0,68.73600000000005,51.03443557626584,26.0
-1,-104.53131010420671,15.82414174074072,53.0,63.26400000000003,41.26731010420667,22.0
-1,-98.14741206376604,15.969818356481472,50.0,56.92800000000003,41.21941206376601,22.0
-1,-109.30725342937619,19.54725678240734,68.0,74.20800000000004,35.09925342937615,19.0
-1,-112.60582506267554,17.771633023148073,59.0,74.30400000000004,38.30182506267548,22.0
-1,-108.67739080251478,15.796861773148136,78.0,83.61600000000004,25.061390802514737,15.0
-1,-87.39835341042088,14.256145541666678,34.0,35.71200000000001,51.68635341042087,22.0
-1,-96.93195981239626,9.068475046296314,35.0,45.69600000000001,51.235959812396246,25.0
-1,-114.24892034170878,17.95642406944439,52.0,69.69600000000003,44.55292034170875,19.0
-1,-97.89087016160416,12.533863444444451,42.0,48.192000000000014,49.69887016160414,25.0
-1,-89.99241074824707,19.35728406018516,50.0,49.53600000000002,40.45641074824704,19.0
-1,-89.42153418147058,9.689762722222238,45.0,53.18400000000002,36.23753418147056,22.0
-1,-101.46300127364796,13.643689157407417,51.0,48.096000000000025,53.36700127364794,24.0
-1,-102.06888995157195,14.611242004629618,52.0,56.160000000000025,45.90888995157193,24.0
-1,-101.58845983777499,19.317200861111104,63.0,67.20000000000002,34.388459837774974,18.0
-1,-86.3706342598005,15.730259208333326,59.0,62.112000000000016,24.258634259800477,16.0
-1,-101.56519799243887,16.813662810185168,53.0,59.32800000000003,42.23719799243883,20.0
-1,-111.17440213488995,21.2773484027777,67.0,78.33600000000004,32.838402134889904,17.0
-1,-98.36317546541588,11.624941828703717,56.0,62.59200000000003,35.771175465415844,21.0
-1,-110.05507158300628,18.11036012037034,65.0,72.19200000000004,37.86307158300624,23.0
-1,-117.13295850883864,18.652699921296243,72.0,75.45600000000003,41.67695850883862,22.0
-1,-97.19789802363616,16.257524629629614,59.0,62.40000000000002,34.797898023636144,19.0
-1,-121.80886516045166,15.42714757870368,66.0,83.42400000000004,38.38486516045162,21.0
-1,-107.81505419325333,19.789520027777755,59.0,74.30400000000003,33.5110541932533,15.0
-1,-95.61687535912915,17.686595138888865,55.0,62.592000000000034,33.02487535912911,18.0
-1,-85.15102204575672,14.33040006944443,42.0,54.04800000000002,31.10302204575669,17.0
-1,-90.35347047529632,16.46356982870371,57.0,66.62400000000002,23.729470475296296,17.0
-1,-93.66332317175588,16.208826277777767,58.0,62.49600000000002,31.16732317175586,20.0
-1,-92.31670524216544,16.174763777777784,54.0,62.30400000000002,30.012705242165417,16.0
-1,-103.34354663313209,13.858322203703699,60.0,67.29600000000003,36.04754663313205,21.0
-1,-101.21409486765499,14.297433157407413,50.0,57.88800000000002,43.32609486765497,22.0
-1,-109.68529831424269,15.493981124999989,75.0,84.57600000000005,25.109298314242643,17.0
-1,-78.68614838682078,10.625748467592615,47.0,50.208000000000006,28.478148386820777,18.0
-1,-103.38814809879251,19.663147981481448,60.0,63.648000000000025,39.74014809879249,20.0
-1,-91.36767481030654,12.875698694444452,47.0,53.37600000000002,37.99167481030653,20.0
-1,-122.97006041666847,13.986807930555528,66.0,73.53600000000003,49.43406041666845,25.0
-1,-100.86925647243231,21.325733245370326,63.0,63.360000000000035,37.50925647243227,18.0
-1,-89.6245947285492,16.559897347222215,62.0,54.816000000000024,34.80859472854917,22.0
-1,-95.8132524021631,19.214637611111076,64.0,62.30400000000002,33.50925240216308,17.0
-1,-108.4233606440569,15.12995740740743,54.0,57.88800000000003,50.53536064405687,21.0
-1,-119.79269316914856,27.909460495370347,88.0,89.08800000000002,30.704693169148545,17.0
-1,-110.95526373041685,16.62214186111113,60.0,69.79200000000002,41.16326373041684,22.0
-1,-88.24199524921681,14.97720621759259,54.0,60.864000000000026,27.377995249216788,17.0
-1,-96.54733719721283,16.2560179212963,47.0,57.02400000000002,39.523337197212804,20.0
-1,-89.5225073381018,17.17952214814813,55.0,62.20800000000002,27.314507338101777,16.0
-1,-122.86321486077718,23.959242013888804,89.0,85.72800000000004,37.13521486077714,23.0
-1,-100.42666931586092,22.00774185185181,54.0,53.18400000000002,47.2426693158609,19.0
-1,-116.00978962098608,19.389672597222166,66.0,81.31200000000004,34.69778962098605,18.0
-1,-108.8715026167296,16.113512134259246,54.0,69.50400000000003,39.36750261672957,19.0
-1,-97.15841079514885,15.897316449074076,58.0,61.824000000000034,35.33441079514883,20.0
-1,-121.08228648939375,27.154444370370364,78.0,86.49600000000005,34.5862864893937,16.0
-1,-106.99937176191659,18.937129305555544,66.0,68.25600000000004,38.743371761916556,21.0
-1,-79.4348723885396,11.744919106481486,44.0,48.38400000000002,31.050872388539577,19.0
-1,-121.85926475664787,18.35306363888886,84.0,92.06400000000004,29.79526475664784,19.0
-1,-105.19984238253761,11.611002185185187,43.0,62.208000000000034,42.99184238253757,22.0
-1,-101.21403444379743,13.09854576388888,55.0,61.72800000000003,39.486034443797394,23.0
-1,-106.97493117575199,17.650536712962925,68.0,79.58400000000002,27.390931175751973,16.0
-1,-96.3498280785092,15.677048513888868,49.0,64.51200000000003,31.837828078509183,19.0
-1,-102.07836496263815,20.79944287499998,58.0,65.76000000000003,36.31836496263812,17.0
-1,-109.00494959252,14.773176796296315,51.0,58.84800000000002,50.15694959251998,22.0
-1,-102.2849946216138,17.383257509259277,48.0,52.41600000000002,49.86899462161378,20.0
-1,-109.10250278633258,14.878706541666665,64.0,72.76800000000003,36.33450278633255,23.0
-1,-98.25406975231947,18.740746717592558,61.0,65.85600000000004,32.39806975231943,17.0
-1,-85.33961116034365,16.228202513888892,53.0,58.56000000000003,26.779611160343627,17.0
-1,-106.5947165638747,20.93507643981478,54.0,67.10400000000003,39.49071656387468,19.0
-1,-95.00817762160615,17.894042421296252,58.0,61.440000000000026,33.568177621606125,20.0
-1,-94.0330791887115,14.675579986111117,47.0,55.00800000000002,39.02507918871149,22.0
-1,-94.09315094994386,16.011487171296285,46.0,54.04800000000002,40.04515094994383,20.0
-1,-105.75608130066884,19.106724337962895,63.0,75.64800000000004,30.108081300668797,18.0
-1,-96.3824869885182,15.050832226851869,59.0,64.32000000000002,32.062486988518174,19.0
-1,-109.86589359965461,22.14510108333335,81.0,85.15200000000003,24.713893599654583,13.0
-1,-108.06040277268147,15.278236763888877,52.0,67.20000000000003,40.86040277268144,20.0
-1,-117.5149766278798,17.088399481481407,65.0,77.66400000000004,39.85097662787976,22.0
-1,-116.82163467141368,18.190029550925846,68.0,77.95200000000003,38.86963467141366,22.0
-1,-97.47877646808253,14.865221152777764,60.0,61.440000000000026,36.0387764680825,20.0
-1,-98.21288003167363,17.18072371296294,62.0,66.33600000000003,31.876880031673608,17.0
-1,-86.83856277423666,16.677310782407407,55.0,54.04800000000002,32.79056277423663,20.0
-1,-98.27941213098728,12.746187138888905,42.0,57.12000000000003,41.159412130987256,21.0
-1,-101.2095897433154,13.716143652777783,60.0,69.69600000000003,31.513589743315386,20.0
-1,-99.19586403328174,12.343599041666664,54.0,71.52000000000002,27.67586403328172,16.0
-1,-83.17021884309297,14.232738462962969,41.0,38.01600000000001,45.154218843092956,21.0
-1,-112.03634720318377,15.015539629629627,58.0,66.04800000000003,45.98834720318374,23.0
-1,-86.66694958194354,23.45006011574071,61.0,66.24000000000004,20.426949581943507,12.0
-1,-91.11843540035848,19.418406259259267,51.0,55.58400000000001,35.53443540035847,17.0
-1,-106.53159860292976,15.816704254629617,68.0,80.16000000000004,26.37159860292973,15.0
-1,-90.95532078239093,12.392672407407398,39.0,45.792000000000016,45.16332078239091,23.0
-1,-118.77070063328534,14.51288827314816,49.0,59.52000000000002,59.25070063328532,24.0
-1,-81.77372731867564,11.548419347222241,43.0,46.944,34.82972731867564,21.0
-1,-89.80664449423378,14.83346568518519,51.0,53.088000000000015,36.71864449423377,21.0
-1,-97.44217706419231,16.88797750462962,56.0,62.688000000000024,34.754177064192284,19.0
-1,-96.70223489771396,19.003414703703672,49.0,58.84800000000003,37.85423489771393,19.0
-1,-101.88109151088258,14.749686421296284,59.0,64.03200000000002,37.84909151088256,23.0
-1,-88.80252509406198,19.356529300925907,64.0,62.016000000000034,26.786525094061943,14.0
-1,-95.24873915611772,13.824799101851838,44.0,62.20800000000003,33.04073915611769,15.0
-1,-102.04185137141161,18.937742314814773,59.0,65.18400000000003,36.85785137141158,19.0
-1,-92.21670701596796,12.216387490740736,61.0,69.79200000000003,22.42470701596792,17.0
-1,-119.06921616317206,19.87934488425921,74.0,81.21600000000005,37.85321616317201,21.0
-1,-107.21325587492808,19.158225097222186,66.0,74.11200000000002,33.101255874928064,20.0
-1,-88.45429504349676,18.359666763888864,55.0,59.424000000000035,29.03029504349673,15.0
-1,-117.96744674672925,14.71952264351851,64.0,80.25600000000004,37.71144674672921,21.0
-1,-117.20610196731315,16.746820597222207,66.0,79.96800000000003,37.238101967313106,18.0
-1,-103.26213314766727,20.486487101851797,58.0,66.04800000000004,37.214133147667226,18.0
-1,-88.76205804420871,13.765387189814788,53.0,64.89600000000003,23.86605804420868,18.0
-1,-120.09273233459778,16.575003189814765,59.0,79.39200000000002,40.70073233459776,21.0
-1,-93.19756976882192,11.13948879629629,41.0,63.360000000000014,29.837569768821915,20.0
-1,-110.42306582958142,18.597752745370318,57.0,69.40800000000003,41.01506582958139,19.0
-1,-97.96005619637522,16.97705491666666,56.0,59.616000000000035,38.344056196375185,21.0
-1,-106.87662265967617,16.443168861111097,51.0,66.81600000000002,40.060622659676156,19.0
-1,-86.65424355479624,14.731172851851854,51.0,50.112000000000016,36.542243554796215,20.0
-1,-88.42670927923791,19.926177291666658,52.0,53.088000000000015,35.3387092792379,15.0
-1,-93.62763717693,16.90670239351854,55.0,64.32000000000002,29.307637176929966,17.0
-1,-104.72292708997978,16.608200574074075,49.0,58.84800000000003,45.87492708997976,19.0
-1,-89.09427675529169,17.083322074074054,53.0,62.208000000000034,26.886276755291654,18.0
-1,-113.30336975574687,17.608783328703648,62.0,76.51200000000004,36.791369755746835,20.0
-1,-91.13881849557265,9.447864981481501,52.0,53.760000000000026,37.37881849557263,25.0
-1,-86.42413670482915,13.1019991759259,46.0,50.30400000000002,36.120136704829136,23.0
-1,-75.01097242396906,12.559518749999988,33.0,38.208,36.80297242396906,22.0
-1,-108.98398404136961,19.472474041666583,63.0,69.31200000000004,39.67198404136957,20.0
-1,-109.29815803263062,20.814312226851825,63.0,64.03200000000004,45.266158032630585,18.0
-1,-89.01752348297694,19.84122669444439,50.0,58.27200000000002,30.74552348297692,17.0
-1,-96.64659261051482,20.980367291666667,65.0,64.32000000000004,32.32659261051478,15.0
-1,-86.33177561909265,11.204590287037043,37.0,43.488000000000014,42.84377561909264,23.0
-1,-100.88384443706497,14.36873691666669,54.0,66.04800000000002,34.83584443706494,17.0
-1,-88.73412213079055,14.731280777777796,41.0,44.06400000000002,44.67012213079053,20.0
-1,-98.79608599601227,17.75679755092588,61.0,68.44800000000002,30.348085996012237,16.0
-1,-107.07200272262197,14.474898060185179,59.0,69.40800000000003,37.664002722621944,21.0
-1,-96.93193915007362,14.17912520833331,52.0,63.648000000000025,33.28393915007359,18.0
-1,-86.34968060730904,14.78416612962962,47.0,52.70400000000001,33.64568060730903,20.0
-1,-108.16045306047825,21.500540490740693,58.0,67.77600000000002,40.38445306047822,20.0
-1,-77.25677711085763,13.465654092592585,47.0,46.848000000000006,30.408777110857617,22.0
-1,-115.68450683994953,16.30377612037035,68.0,75.36000000000003,40.324506839949514,22.0
-1,-112.97297205987063,20.373990120370316,68.0,76.22400000000003,36.748972059870596,18.0
-1,-103.47973364426227,18.57400743981479,63.0,72.00000000000003,31.479733644262232,17.0
-1,-96.47220738451993,19.081693462962914,62.0,64.12800000000003,32.344207384519905,16.0
-1,-94.27850956863296,16.74441926851851,60.0,60.00000000000003,34.27850956863293,20.0
-1,-83.74993052759538,13.416288875000005,50.0,50.68800000000002,33.06193052759536,21.0
-1,-89.01053555874714,16.791064481481467,51.0,61.248000000000026,27.762535558747114,17.0
-1,-94.71950535594803,21.348077810185167,61.0,59.616000000000014,35.103505355948016,20.0
-1,-103.12541203848349,13.709751541666666,58.0,62.30400000000003,40.82141203848346,21.0
-1,-113.64010796380214,22.399511773148085,69.0,80.06400000000004,33.576107963802095,17.0
-1,-99.5314080941149,19.013772342592556,49.0,56.352000000000025,43.17940809411487,19.0
-1,-95.72224016063942,18.103919402777766,65.0,68.35200000000003,27.370240160639387,18.0
-1,-103.30105335513169,20.35014626388885,63.0,72.76800000000001,30.533053355131667,19.0
-1,-87.69562749581277,16.360004078703682,44.0,53.664000000000016,34.03162749581275,17.0
-1,-109.485972861108,19.319779199074066,58.0,69.50400000000003,39.98197286110797,19.0
-1,-101.10085316446421,22.21637468981477,84.0,79.10400000000003,21.996853164464188,15.0
-1,-91.03781658232165,21.997660893518496,58.0,55.392000000000024,35.645816582321636,16.0
-1,-79.72774530624116,12.144881134259256,40.0,46.656000000000006,33.07174530624116,19.0
-1,-89.15403833385164,17.701511689814826,55.0,67.00800000000001,22.14603833385164,14.0
-1,-99.06427744846673,20.293950263888867,65.0,74.78400000000002,24.28027744846671,13.0
-1,-90.05915875393578,19.57050023148143,50.0,55.58400000000003,34.47515875393574,20.0
-1,-82.48974170076272,17.947046935185163,50.0,52.03200000000002,30.45774170076271,18.0
-1,-90.79682654855645,19.356310606481458,50.0,59.04000000000003,31.756826548556432,16.0
-1,-118.23960761419343,19.73240934259255,73.0,72.57600000000002,45.66360761419341,21.0
-1,-107.5740741432363,19.588659171296232,67.0,68.54400000000003,39.03007414323628,22.0
-1,-114.71457744029098,16.334299060185167,60.0,67.77600000000004,46.938577440290935,23.0
-1,-105.11858806490106,16.238424638888873,64.0,71.61600000000003,33.50258806490103,20.0
-1,-87.79004797555109,14.072225546296286,51.0,57.88800000000002,29.902047975551064,20.0
-1,-92.0494404229168,14.965557935185167,59.0,66.91200000000003,25.13744042291677,17.0
-1,-88.3827155516251,12.705274305555577,50.0,63.072000000000024,25.310715551625073,15.0
-1,-106.87953459969978,21.517187453703627,69.0,70.27200000000002,36.60753459969977,18.0
-1,-115.60534744285368,18.853619537037012,72.0,70.46400000000003,45.14134744285366,22.0
-1,-92.74605774535132,15.08291149537036,54.0,56.83200000000002,35.91405774535131,23.0
-1,-93.18599194135385,21.118526370370336,72.0,75.74400000000004,17.4419919413538,12.0
-1,-97.28334047237314,12.867080495370379,47.0,53.08800000000003,44.19534047237312,22.0
-1,-105.46802681627096,18.277407916666604,57.0,65.56800000000003,39.90002681627094,18.0
-1,-96.34461743978456,18.059895291666663,57.0,62.11200000000002,34.23261743978453,17.0
-1,-102.64202037778992,13.39647628703703,56.0,76.80000000000003,25.84202037778989,16.0
-1,-87.06447210367756,18.569774249999977,48.0,58.08000000000001,28.984472103677554,16.0
-1,-105.6552016896348,14.731352004629613,57.0,68.25600000000003,37.399201689634765,21.0
-1,-98.96549565098593,18.973801249999937,54.0,63.84000000000004,35.1254956509859,19.0
-1,-109.36493240853582,14.783913324074064,57.0,68.92800000000004,40.43693240853579,21.0
-1,-103.01281798682973,18.479622782407386,71.0,69.50400000000002,33.508817986829705,19.0
-1,-106.06739156630215,15.984710467592569,61.0,68.25600000000003,37.81139156630211,21.0
-1,-115.88651047334994,18.78047913888885,79.0,76.12800000000004,39.7585104733499,22.0
-1,-96.39852583807182,13.332294236111112,52.0,58.94400000000003,37.45452583807179,21.0
-1,-101.26467260349699,13.231224356481505,63.0,69.88800000000002,31.376672603496978,17.0
-1,-103.63054837455587,17.469446092592577,64.0,68.54400000000004,35.086548374555825,20.0
-1,-111.84020012263062,18.777891532407377,64.0,70.17600000000002,41.6642001226306,23.0
-1,-99.68901033203673,16.977553509259245,56.0,68.64000000000003,31.0490103320367,16.0
-1,-84.53448274950037,13.73846248611112,51.0,56.16000000000003,28.37448274950034,17.0
-1,-105.40907021800518,17.049127800925906,66.0,73.82400000000003,31.58507021800516,19.0
-1,-107.9472118155423,19.663457856481436,56.0,68.64000000000003,39.307211815542274,20.0
-1,-95.40603563471001,14.981455199074075,48.0,58.84800000000003,36.55803563470999,19.0
-1,-89.61709289219158,18.934396824074078,52.0,54.14400000000001,35.47309289219156,19.0
-1,-98.80780791414486,18.60367787037033,64.0,69.21600000000004,29.591807914144827,16.0
-1,-99.04132768443668,8.988255527777786,43.0,56.54400000000003,42.49732768443664,25.0
-1,-97.23319349826838,19.16412917592589,58.0,67.77600000000002,29.457193498268357,16.0
-1,-113.81179457682285,20.08674403703697,84.0,91.39200000000002,22.41979457682283,15.0
-1,-89.7503959744927,17.460878393518506,59.0,66.81600000000003,22.934395974492666,15.0
-1,-79.39134339296935,18.190773842592588,42.0,42.52800000000001,36.863343392969334,18.0
-1,-88.78093054994113,14.198921328703705,41.0,52.704000000000015,36.07693054994112,21.0
-1,-91.58588065776017,17.16164898148144,63.0,67.29600000000005,24.289880657760122,16.0
-1,-83.12605199971051,13.24689218981481,50.0,51.936000000000014,31.190051999710498,20.0
-1,-100.61192723709955,16.164832087962974,58.0,61.15200000000003,39.45992723709952,19.0
-1,-98.4117245651615,24.13927781018519,67.0,65.76000000000003,32.65172456516148,17.0
-1,-93.11886448203515,16.364021726851817,49.0,59.80800000000003,33.31086448203513,19.0
-1,-102.07639969364234,16.421340342592572,57.0,58.176000000000016,43.90039969364233,21.0
-1,-86.85136939978818,20.288443412037008,51.0,56.160000000000025,30.691369399788158,15.0
-1,-104.01137098212222,15.359805166666636,71.0,79.39200000000004,24.619370982122174,17.0
-1,-81.2652231805657,11.871562037037057,40.0,45.31200000000001,35.95322318056568,20.0
-1,-110.87489288916409,16.504355689814794,68.0,72.76800000000003,38.10689288916406,20.0
-1,-107.78214283181094,14.250789569444436,59.0,68.35200000000003,39.430142831810905,23.0
-1,-78.19940006876425,11.420496185185195,38.0,43.96800000000002,34.23140006876424,23.0
-1,-75.73249718837332,15.311928111111097,45.0,50.88000000000002,24.8524971883733,18.0
-1,-118.5907330202626,17.72258550925918,81.0,90.14400000000005,28.44673302026256,17.0
-1,-93.93527265310797,18.11146666666666,61.0,59.61600000000003,34.31927265310794,18.0
-1,-104.59943300075884,16.585649060185116,65.0,76.22400000000003,28.375433000758804,19.0
-1,-95.09904117977783,15.8782812361111,47.0,59.04000000000003,36.0590411797778,16.0
-1,-79.34114807255708,11.516904500000011,38.0,40.89600000000001,38.44514807255706,23.0
-1,-93.65184982040773,23.38365800462963,68.0,67.96800000000002,25.68384982040771,14.0
-1,-91.02316644629946,14.99551761574076,51.0,54.624000000000024,36.399166446299425,20.0
-1,-100.86099315264897,15.784677231481464,50.0,65.95200000000003,34.90899315264895,18.0
-1,-117.29463111441459,18.00638090740735,71.0,83.32800000000005,33.96663111441453,20.0
-1,-106.35461555806333,12.675925189814816,56.0,65.28000000000002,41.07461555806332,22.0
-1,-89.5460996142764,15.411975120370379,56.0,58.27200000000003,31.274099614276373,18.0
-1,-107.05269946481025,16.710719800925897,63.0,69.88800000000003,37.16469946481022,19.0
-1,-102.41791571048131,17.164657499999976,73.0,77.76000000000003,24.657915710481277,14.0
-1,-114.5719001403018,18.5698663796296,64.0,69.02400000000003,45.54790014030177,23.0
-1,-94.9982224413695,17.90209949074071,68.0,68.83200000000002,26.166222441369488,15.0
-1,-101.21934412922592,13.405606439814816,49.0,55.39200000000002,45.8273441292259,23.0
-1,-96.80067246868195,15.483121115740731,47.0,56.54400000000002,40.256672468681934,19.0
-1,-83.46415724846598,17.136038921296294,42.0,54.91200000000002,28.552157248465956,17.0
-1,-89.60991650616091,16.83371729166662,50.0,60.00000000000003,29.609916506160882,18.0
-1,-118.27558646245996,17.792209009259224,81.0,85.15200000000004,33.123586462459905,20.0
-1,-108.6113645054478,12.147842449074076,49.0,65.66400000000002,42.94736450544777,22.0
-1,-107.32654761357236,16.765535004629616,58.0,72.76800000000003,34.55854761357233,20.0
-1,-100.68709151546568,17.840656037037004,56.0,63.74400000000003,36.94309151546565,19.0
-1,-95.43089305594566,16.894464398148155,57.0,53.760000000000026,41.670893055945626,22.0
-1,-104.81762146672733,15.442984222222211,65.0,65.66400000000003,39.1536214667273,18.0
-1,-119.49289783220635,14.852497231481486,65.0,73.24800000000003,46.24489783220631,23.0
-1,-91.21976559002579,15.320305879629602,60.0,64.60800000000002,26.61176559002576,16.0
-1,-105.06018621809801,21.139201967592587,59.0,62.30400000000003,42.75618621809799,19.0
-1,-103.0496839211811,14.182606569444442,53.0,65.66400000000003,37.38568392118108,22.0
-1,-103.39335591076332,14.72814153703701,48.0,66.91200000000002,36.4813559107633,22.0
-1,-102.21997262499332,21.210202583333245,62.0,70.94400000000003,31.275972624993294,18.0
-1,-112.36244047432531,16.14247823148148,60.0,77.76000000000005,34.60244047432526,22.0
-1,-90.92817895725594,12.413573060185177,58.0,62.40000000000003,28.528178957255918,19.0
-1,-104.28661508066116,12.4467385787037,50.0,63.55200000000003,40.73461508066114,22.0
-1,-98.62308657358828,18.116521541666643,63.0,71.42400000000004,27.199086573588247,14.0
-1,-91.66103207479188,16.00822041666666,51.0,60.864000000000026,30.797032074791844,19.0
-1,-91.39867456968409,16.83532992592591,51.0,59.52000000000002,31.87867456968408,17.0
-1,-79.08454521013901,17.146815291666655,48.0,55.48800000000002,23.596545210138995,13.0
-1,-98.80582656750974,17.242513819444444,58.0,65.76000000000003,33.04582656750971,19.0
-1,-101.57291669025203,20.675028115740723,68.0,65.66400000000003,35.908916690252,20.0
-1,-108.87167749626616,19.19613091203701,61.0,81.21600000000002,27.655677496266136,16.0
-1,-113.82194971167694,19.015131037036966,66.0,74.11200000000002,39.70994971167691,20.0
-1,-116.52165273890996,16.93793388425925,57.0,65.56800000000001,50.95365273890995,19.0
-1,-88.01377337549005,19.892760347222204,58.0,65.56800000000003,22.44577337549002,15.0
-1,-102.87929134942678,14.69663149999999,66.0,76.03200000000001,26.84729134942677,16.0
-1,-98.39139131106748,18.809264037037014,52.0,68.16000000000003,30.231391311067448,18.0
-1,-80.66126763982517,19.67513767129631,48.0,55.776000000000025,24.88526763982514,15.0
-1,-115.04989171082654,18.31119530092589,63.0,74.59200000000004,40.4578917108265,20.0
-1,-90.53130510259622,15.062468750000003,53.0,62.11200000000003,28.419305102596187,17.0
-1,-73.83276257329533,18.437021120370353,46.0,55.29600000000002,18.5367625732953,13.0
-1,-101.97678212920603,16.558239680555534,52.0,64.12800000000003,37.848782129206,19.0
-1,-94.58904964604224,15.378312180555552,56.0,66.04800000000003,28.54104964604221,18.0
-1,-94.34150092239213,20.61891172222218,58.0,69.98400000000004,24.357500922392088,16.0
-1,-105.27506157740842,19.45031074074067,58.0,75.93600000000004,29.33906157740838,18.0
-1,-75.47830287063462,10.273639458333339,43.0,50.97600000000001,24.5023028706346,16.0
-1,-104.33473979949963,16.44887084722222,58.0,65.08800000000002,39.24673979949961,20.0
-1,-101.16860666381112,14.159530407407397,44.0,52.12800000000002,49.040606663811104,23.0
-1,-103.22385060484484,16.892390560185145,65.0,71.71200000000003,31.511850604844817,19.0
-1,-91.62900076779647,13.865661263888867,56.0,63.26400000000003,28.365000767796435,21.0
-1,-97.09913734190837,18.139557592592556,58.0,61.056000000000026,36.043137341908356,18.0
-1,-105.86806955879578,15.914506013888888,54.0,69.12000000000003,36.74806955879575,21.0
-1,-80.97465929323062,11.468395467592579,44.0,50.88000000000001,30.09465929323061,19.0
-1,-83.24107685349358,23.788397143518466,64.0,57.60000000000002,25.641076853493566,13.0
-1,-110.91143766117037,19.13841124999995,57.0,69.98400000000002,40.927437661170345,19.0
-1,-90.63091111337269,13.760169000000024,39.0,47.71200000000001,42.91891111337268,23.0
-1,-106.52971397491164,19.733090893518504,72.0,76.22400000000005,30.305713974911598,16.0
-1,-91.8531248337066,13.631119532407414,46.0,54.72000000000002,37.13312483370659,20.0
-1,-91.36799208430489,14.788191680555546,44.0,53.56800000000002,37.79999208430487,20.0
-1,-89.84125169647446,17.21926149537038,54.0,55.87200000000002,33.96925169647444,20.0
-1,-110.38448002838155,21.153921180555457,69.0,72.67200000000004,37.712480028381506,20.0
-1,-91.29074867922404,21.070675347222206,56.0,57.696000000000005,33.594748679224026,16.0
-1,-90.91543760559662,15.874653759259257,53.0,60.86400000000001,30.05143760559661,18.0
-1,-88.87369245460414,20.424882462962927,59.0,62.304000000000016,26.569692454604123,14.0
-1,-96.76652073369291,15.231605407407422,54.0,57.98400000000002,38.7825207336929,22.0
-1,-86.6210045516725,16.67520256944445,48.0,55.776000000000025,30.845004551672474,19.0
-1,-81.66597579286736,17.97311970833334,47.0,53.76000000000002,27.90597579286734,15.0
-1,-102.331179644743,18.391581949074094,50.0,53.08800000000002,49.24317964474297,20.0
-1,-91.16916775140905,16.97296464351849,45.0,53.66400000000002,37.505167751409026,17.0
-1,-98.05383286988636,17.137606999999942,61.0,70.08000000000003,27.973832869886337,16.0
-1,-100.08581605245813,18.172163115740716,71.0,74.88000000000002,25.205816052458104,14.0
-1,-86.05862244228807,13.964848055555544,51.0,61.63200000000003,24.42662244228804,12.0
-1,-106.10277890928569,11.888882412037027,54.0,68.16000000000003,37.942778909285664,19.0
-1,-94.92475055812444,12.617611287037032,53.0,62.30400000000002,32.62075055812442,19.0
-1,-111.42637561700273,18.679625199074042,63.0,79.87200000000004,31.554375617002687,15.0
-1,-95.42927544294899,15.42216787037038,55.0,52.032000000000025,43.39727544294897,23.0
-1,-96.07640853272562,18.124314287036995,60.0,61.63200000000003,34.44440853272558,21.0
-1,-111.02323921113293,14.850058064814812,55.0,73.72800000000004,37.295239211132895,18.0
-1,-91.27210860780465,22.191117222222193,66.0,67.48800000000003,23.784108607804622,14.0
-1,-97.63082612357528,15.695703277777747,51.0,65.08800000000002,32.54282612357526,18.0
-1,-89.59061221622659,12.736706587962956,43.0,51.84000000000002,37.750612216226564,21.0
-1,-94.80588060279723,17.05582964351853,51.0,58.75200000000003,36.05388060279719,19.0
-1,-104.32545123304601,12.899384203703704,52.0,69.21600000000002,35.10945123304598,23.0
-1,-108.4033308100287,16.522169083333306,62.0,85.53600000000006,22.867330810028644,14.0
-1,-92.24044508900614,16.681240138888846,53.0,57.02400000000003,35.216445089006115,21.0
-1,-106.58598274996578,19.326633078703654,67.0,69.31200000000003,37.273982749965754,21.0
-1,-107.34237218455331,22.396495666666627,57.0,61.920000000000016,45.422372184553296,16.0
-1,-106.74107369246842,15.968604398148138,62.0,73.82400000000004,32.91707369246838,20.0
-1,-103.51061398432682,22.30872255092588,51.0,61.15200000000003,42.35861398432679,18.0
-1,-91.71821095868522,21.748061736111087,58.0,62.11200000000002,29.606210958685192,16.0
-1,-96.99721421125696,16.054524495370362,44.0,51.26400000000002,45.733214211256936,20.0
-1,-94.10189211248942,15.817029962962962,62.0,61.15200000000004,32.94989211248938,21.0
-1,-104.79725428477988,17.526820666666644,57.0,68.73600000000003,36.06125428477984,21.0
-1,-95.64996299289685,16.28590538425924,54.0,63.16800000000002,32.481962992896825,18.0
-1,-87.70970133997625,12.512875194444467,55.0,59.90400000000003,27.805701339976217,18.0
-1,-81.04945343408295,9.817120476851855,34.0,37.248000000000005,43.801453434082944,23.0
-1,-85.35959752684238,19.759440921296264,51.0,52.22400000000001,33.13559752684236,17.0
-1,-90.74241468536098,15.183843074074074,62.0,67.68000000000004,23.06241468536095,14.0
-1,-104.95237484533024,18.138368791666664,68.0,72.76800000000004,32.1843748453302,18.0
-1,-106.65766915495004,17.73778194907404,61.0,68.16000000000004,38.497669154949996,21.0
-1,-134.17762945077936,22.04146479166659,85.0,93.69600000000005,40.4816294507793,20.0
-1,-124.2893376069809,21.76714073611105,62.0,82.65600000000005,41.63333760698085,15.0
-1,-86.0016132359105,16.1247029722222,55.0,55.200000000000024,30.80161323591048,19.0
-1,-91.69177000102198,16.34212743055555,48.0,58.08000000000003,33.61177000102196,17.0
-1,-79.16392457347558,12.138010189814805,42.0,46.65600000000001,32.50792457347557,22.0
-1,-92.13535220105226,18.581203314814804,54.0,64.99200000000002,27.143352201052245,18.0
-1,-73.76593860526728,13.256706513888895,42.0,45.792000000000016,27.973938605267257,16.0
-1,-102.75759085097019,18.849972782407413,58.0,65.66400000000003,37.09359085097015,21.0
-1,-89.89229751430784,12.49378443518518,49.0,56.92800000000001,32.96429751430783,21.0
-1,-84.10290435411822,11.42448204166668,44.0,46.272000000000006,37.83090435411822,22.0
-1,-111.62550136492145,15.672326629629634,45.0,59.712000000000025,51.91350136492142,23.0
-1,-87.22252728921548,23.092693837962916,61.0,65.37600000000002,21.846527289215455,13.0
-1,-100.78127756618154,15.0564812037037,57.0,64.32000000000004,36.46127756618151,20.0
-1,-108.16026288825388,21.514742194444413,69.0,67.39200000000002,40.76826288825386,21.0
-1,-86.6684507018951,18.024052078703686,45.0,50.49600000000002,36.17245070189508,18.0
-1,-86.43958846601167,16.218675532407396,51.0,58.46400000000003,27.975588466011647,15.0
-1,-88.8562692542616,15.647486328703705,42.0,51.07200000000002,37.78426925426158,20.0
-1,-124.39231183108667,18.379693620370332,75.0,83.23200000000006,41.16031183108662,23.0
-1,-98.12185169187313,13.878231268518508,53.0,64.70400000000001,33.41785169187313,18.0
-1,-84.57250683790858,18.437614916666668,50.0,52.51200000000002,32.06050683790855,15.0
-1,-88.57710722589385,16.497995768518503,43.0,53.088000000000015,35.48910722589384,18.0
-1,-95.92399970457097,15.527530833333335,55.0,52.224000000000025,43.69999970457094,20.0
-1,-103.67307227076063,14.147631981481473,60.0,68.64000000000003,35.03307227076059,21.0
-1,-102.49894208508374,22.516410893518493,64.0,75.45600000000002,27.04294208508372,16.0
-1,-100.22497810267286,14.40996665277777,56.0,62.40000000000003,37.82497810267284,21.0
-1,-87.42923893543025,24.66897767592594,74.0,72.96000000000004,14.46923893543022,9.0
-1,-87.48353048451541,17.144813328703684,59.0,63.64800000000004,23.83553048451537,15.0
-1,-95.7195362887904,18.683413300925903,53.0,56.44800000000002,39.27153628879037,18.0
-1,-94.24667334606391,18.577386185185176,47.0,53.47200000000001,40.77467334606391,19.0
-1,-90.54078537960359,15.905007333333339,64.0,64.12800000000001,26.412785379603577,15.0
-1,-101.03285734622116,14.872410736111092,47.0,60.00000000000002,41.032857346221135,20.0
-1,-115.91412187755822,20.597463018518454,68.0,81.21600000000004,34.69812187755819,19.0
-1,-102.28707976842506,13.802204972222238,45.0,58.944000000000024,43.343079768425035,22.0
-1,-92.69107352853632,14.159322634259237,53.0,57.60000000000003,35.09107352853629,22.0
-1,-104.8861694718472,22.997708032407342,62.0,66.62400000000004,38.26216947184716,19.0
-1,-97.05809670731836,12.060035291666663,51.0,66.33600000000003,30.72209670731833,19.0
-1,-95.21967544656638,17.596186365740724,50.0,59.61600000000003,35.603675446566356,18.0
-1,-88.02746531474583,15.551500259259248,39.0,50.88000000000002,37.147465314745816,21.0
-1,-94.47068343028717,19.10091956018516,65.0,64.22400000000003,30.246683430287135,18.0
-1,-102.99549736783997,14.070182768518489,56.0,70.36800000000002,32.62749736783995,20.0
-1,-99.12160471819871,15.664492754629627,46.0,53.85600000000003,45.265604718198674,20.0
-1,-103.50400936340935,17.944436212962938,52.0,59.136000000000024,44.368009363409335,21.0
-1,-96.83025979117355,19.11654510185186,54.0,53.568000000000026,43.26225979117353,19.0
-1,-111.31583286109587,16.549222092592583,54.0,56.83200000000002,54.48383286109585,23.0
-1,-102.6479607987195,17.657780018518466,52.0,63.936000000000035,38.71196079871946,20.0
-1,-87.32608727860898,17.788423504629613,59.0,64.22400000000002,23.10208727860897,15.0
-1,-108.71049438457143,19.30782437962957,61.0,69.40800000000002,39.30249438457141,21.0
-1,-102.74860040321028,19.953589162036995,69.0,81.12000000000005,21.62860040321023,12.0
-1,-102.15998374625013,15.291512407407405,59.0,65.76000000000003,36.39998374625009,21.0
-1,-99.5177956490835,19.345785143518484,60.0,58.65600000000002,40.86179564908348,22.0
-1,-113.95436169666087,16.4276970972222,67.0,81.60000000000004,32.35436169666084,18.0
-1,-106.34676219377289,15.165341749999982,54.0,69.98400000000004,36.36276219377285,22.0
-1,-106.31722042333632,14.289709287037049,48.0,54.91200000000003,51.405220423336296,24.0
-1,-93.21432904907158,16.260773120370363,51.0,58.752000000000024,34.46232904907156,18.0
-1,-116.12814141499737,16.600025925925905,56.0,65.56800000000003,50.560141414997354,22.0
-1,-100.58938860778157,18.50947001851849,49.0,59.32800000000002,41.261388607781555,19.0
-1,-101.14569980574927,19.347094435185152,53.0,55.87200000000003,45.27369980574924,19.0
-1,-92.6518304628838,14.038707870370393,43.0,50.68800000000002,41.96383046288378,22.0
-1,-96.4604158195958,18.993670296296262,49.0,58.752000000000024,37.70841581959577,19.0
-1,-106.82746264080883,18.970365736111088,59.0,69.88800000000003,36.9394626408088,21.0
-1,-103.49707010838574,18.777545615740717,55.0,60.57600000000003,42.92107010838572,22.0
-1,-95.01969653745286,13.746440106481485,51.0,55.68000000000002,39.339696537452845,21.0
-1,-103.79736320295089,14.98099503703702,54.0,57.98400000000003,45.81336320295085,22.0
